method,n_labels,repeat,n_pos,accuracy,f1,roc_auc,brier,ece,coverage_at_5pct_error,coverage_at_10pct_error,l2_layer
anyjev_l2,25,0,12,0.6210,0.5880,0.7267,0.2249,0.0382,0.0865,0.1140,28
anyjev_l2,25,1,12,0.6470,0.6002,0.7179,0.2209,0.0535,0.0020,0.0510,17
anyjev_l2,25,2,6,0.5905,0.3865,0.5822,0.2419,0.0909,0.0010,0.0010,28
anyjev_l2,25,3,7,0.6065,0.1912,0.5044,0.2479,0.0978,0.0045,0.0050,20
anyjev_l2,25,4,7,0.6230,0.5447,0.6686,0.2255,0.0398,0.0610,0.1170,17
anyjev_l2,50,0,20,0.7425,0.6101,0.7714,0.1830,0.0761,0.0030,0.1350,20
anyjev_l2,50,1,23,0.6290,0.5363,0.6661,0.2278,0.0589,0.0055,0.0060,20
anyjev_l2,50,2,15,0.6940,0.5684,0.7099,0.2053,0.0511,0.0010,0.0360,28
anyjev_l2,50,3,21,0.6560,0.5711,0.7281,0.2123,0.0572,0.0415,0.1805,14
anyjev_l2,50,4,15,0.6750,0.5083,0.7190,0.2074,0.0934,0.0325,0.2255,24
anyjev_l2,100,0,39,0.7600,0.5960,0.7869,0.1686,0.0297,0.0375,0.3180,24
anyjev_l2,100,1,40,0.6880,0.5979,0.7541,0.1922,0.0539,0.1105,0.3080,24
anyjev_l2,100,2,37,0.7500,0.5928,0.7619,0.1907,0.1152,0.0040,0.1705,20
anyjev_l2,100,3,37,0.6925,0.6085,0.7523,0.1966,0.0363,0.1085,0.2440,14
anyjev_l2,100,4,33,0.7540,0.5980,0.8000,0.1734,0.0719,0.0435,0.3850,17
anyjev_l2,300,0,111,0.7615,0.6181,0.8111,0.1603,0.0384,0.2320,0.4700,20
anyjev_l2,300,1,111,0.7715,0.6156,0.8298,0.1558,0.0471,0.1860,0.5600,14
anyjev_l2,300,2,111,0.7825,0.6402,0.8315,0.1504,0.0307,0.2040,0.5425,24
anyjev_l2,1000,0,359,0.7905,0.6667,0.8463,0.1436,0.0288,0.3405,0.5885,24
