booking_id,y,p_cancel,answer_mass
50260,1,0.0007554055970964759,0.9999999513703358
94659,0,0.003483424138929746,1.0000000266632039
80378,1,0.0002694790494263197,1.000000019483336
22296,0,0.010328154175697756,0.9999999990072629
92626,0,0.00337661276801696,1.0000000056416865
21375,0,0.013636837849485767,0.9999999566894956
66554,1,0.00016865273148773866,1.0000000000420177
17705,0,0.001325022200004762,0.9999999808267725
119125,0,0.005911069753745469,0.9999999401541151
68523,1,0.0008295890015896191,0.9999999851304004
23341,0,0.0037072529053448575,1.0000000487914342
95542,0,0.0007793661347695177,0.9999999876355288
23292,0,0.009412590343086962,0.999999976340415
101471,0,0.0015978451647420651,1.0000000176565358
18439,0,0.006097561309262689,0.9999999828768475
52211,1,0.0011335688164599627,0.9999999827825015
74810,1,0.004070138265185266,0.9999999201005619
93744,0,0.0038244833439267808,1.0000000309067572
88232,0,0.0011695103004128338,1.000000006057039
95206,0,0.0037072529053448575,1.0000000487914342
26614,0,0.0006462031557728052,1.0000000298140022
90963,0,0.002182716953960533,1.0000000011646122
8862,1,0.003075369179754187,0.9999999584314581
111681,0,0.0015978451647420651,1.0000000176565358
48015,1,0.0016484828588918183,1.000000036942309
73290,1,0.0022518471900497736,0.999999940140665
39851,0,0.005220125635523485,1.000000044620838
91999,0,0.0012065896955511597,0.9999999803798229
104789,0,0.001410358436282299,0.9999999587804097
6203,1,0.00048785718098195605,1.0000000524543657
47415,1,0.0027149861050945762,0.9999999947993038
95794,0,0.0021157029409860713,1.000000051242155
33149,0,0.0023967313911954784,0.9999999456397808
46813,1,0.00433150297248697,1.0000000417343247
65405,1,0.004198795588833998,0.9999999482969849
41339,0,0.007577241922677275,0.9999999784749916
38918,0,0.001410358436282299,0.9999999587804097
8885,1,0.0018675662743252222,0.9999999516670156
60852,1,0.000503335511703203,1.0000000489065606
10106,1,0.0020507436161568606,1.000000028051143
60194,1,0.0005884089269625609,0.999999980710548
25354,0,0.018546566309080526,0.9999999848633927
112045,0,0.0032730656975854832,0.9999999556123845
107560,0,0.0031726830692822713,1.000000012164825
95064,0,0.00337661276801696,1.0000000056416865
104370,0,0.0029810329339968827,0.9999999389302892
117308,0,0.0017007221768206937,0.9999999995768329
112297,0,0.0011695103004128338,1.000000006057039
117089,0,0.0010649624483902006,1.0000000091213148
6521,0,0.0015978451647420651,1.0000000176565358
24872,0,0.0023231623267394954,0.9999999379148776
95805,0,0.0012448435228145033,0.9999999427935407
62141,1,0.0044683841359893966,0.9999999719504893
24145,0,0.0006070754685282924,0.9999999537339795
66704,1,0.0010005044957413633,1.000000029260898
2383,0,0.002550912911214397,1.000000039662948
73766,1,0.001926734293943221,0.9999999786144717
71718,1,0.002182716953960533,1.0000000011646122
115801,0,0.0037072529053448575,1.0000000487914342
58919,1,0.0012448435228145033,0.9999999427935407
103419,0,0.003075369179754187,0.9999999584314581
39535,0,0.004198795588833998,0.9999999482969849
96122,0,0.004905405360218095,0.9999999255206484
83919,0,0.001926734293943221,0.9999999786144717
82332,1,0.0004173158237957614,1.000000019100035
1114,0,0.0023231623267394954,0.9999999379148776
28510,0,0.0004583129617247757,1.0000000441564276
109913,0,0.001987774066425167,0.9999999844245672
91360,0,0.0031726830692822713,1.000000012164825
117775,0,0.007577241922677275,0.9999999784749916
26616,0,0.0018675662743252222,0.9999999516670156
5203,0,0.0012065896955511597,0.9999999803798229
82471,0,0.006097561309262689,0.9999999828768475
106979,0,0.0015487614480278714,1.0000000124985304
74525,1,0.0009697518580996581,0.9999999719686026
90237,0,0.0011335688164599627,0.9999999827825015
63458,1,0.005730245984379375,0.9999999785351972
16678,0,0.0035936023996747954,1.0000000051124722
56856,1,0.0008830457137489357,1.000000008496136
20896,0,0.011331753760907875,1.0000000187040352
21130,0,0.004198795588833998,0.9999999482969849
36030,0,0.006903836628141824,1.0000000217724625
24125,0,0.005060332552440032,1.0000000054901312
28617,0,0.0015011819937681247,0.9999999714487824
75104,1,0.0005193049800551674,0.9999999415560016
102750,0,0.004905404780589826,1.0000000436817893
27639,0,0.0017546144219260113,0.9999999575550611
38941,0,0.0028009272903275605,0.9999999853458169
81127,0,0.007345826954777488,1.0000000321094729
29765,0,0.002472622943003016,1.0000000330111785
5178,1,0.0004305570927227883,1.0000000393706996
40511,0,0.0017546144219260113,0.9999999575550611
81018,0,0.0015978451647420651,1.0000000176565358
82578,0,0.0009399439131311984,1.0000000284860915
15410,0,0.0016484828588918183,1.000000036942309
14595,0,0.009125636757578982,0.9999999290921061
46972,1,0.004198795588833998,0.9999999482969849
114240,0,0.0035936023996747954,1.0000000051124722
58196,1,0.0022518471900497736,0.999999940140665
116534,0,0.0006878511561755446,1.0000000101852196
23410,0,0.00337661276801696,1.0000000056416865
50131,1,0.0004305570927227883,1.0000000393706996
34739,0,0.0017546144219260113,0.9999999575550611
43523,0,0.0020507436161568606,1.000000028051143
4391,1,0.005911069753745469,0.9999999401541151
65993,1,0.00337661276801696,1.0000000056416865
18090,0,0.003483424138929746,1.0000000266632039
82121,1,0.0012843081308850904,1.000000049038127
74219,1,0.0011335688164599627,0.9999999827825015
99133,0,0.010013570327733817,0.9999999480904885
2630,1,0.0006070754685282924,0.9999999537339795
104855,0,0.004755200222770245,1.0000000117997783
27822,0,0.002472622943003016,1.0000000330111785
34516,0,0.003945406039842732,0.9999999479201375
33677,0,0.0018102108585498632,0.9999999628520259
23133,0,0.005911069753745469,0.9999999401541151
2995,0,0.009125635688067147,1.00000004629071
2781,1,0.0006263341098699961,1.0000000433800846
94192,0,0.005060332552440032,1.0000000054901312
1583,0,0.0017546144219260113,0.9999999575550611
12313,1,0.0012065896955511597,0.9999999803798229
73735,1,0.001987774066425167,0.9999999844245672
68627,1,0.0006070754685282924,0.9999999537339795
28147,0,0.00433150297248697,1.0000000417343247
76703,0,0.0008295890015896191,0.9999999851304004
511,1,0.0007554055970964759,0.9999999513703358
22824,0,0.004198795588833998,0.9999999482969849
49550,1,0.005554925104976847,0.9999999267517203
27125,0,0.0004044815611496185,1.0000000488971186
60652,1,0.000503335511703203,1.0000000489065606
55125,1,0.0032730656975854832,0.9999999556123845
47452,1,0.005554925104976847,0.9999999267517203
25484,0,0.0032730656975854832,0.9999999556123845
77692,0,0.006097561309262689,0.9999999828768475
90871,0,0.0011695103004128338,1.000000006057039
58201,1,0.0018102108585498632,0.9999999628520259
9023,1,0.00433150297248697,1.0000000417343247
304,0,0.0023231623267394954,0.9999999379148776
18753,0,0.0038244833439267808,1.0000000309067572
40917,0,0.004609572905819922,0.999999996197946
16834,0,0.0018102108585498632,0.9999999628520259
91183,0,0.005730245984379375,0.9999999785351972
84524,0,0.0052201262521444506,0.9999999264970681
33533,0,0.0037072529053448575,1.0000000487914342
43929,0,0.0027149861050945762,0.9999999947993038
47918,0,0.009125636757578982,0.9999999290921061
110316,0,0.000804085962940771,0.9999999511342968
56346,1,0.003483424138929746,1.0000000266632039
52197,1,0.0006878511561755446,1.0000000101852196
104708,0,0.004070137783849419,1.0000000383608847
99689,0,0.002631674240722588,1.0000000397652378
79390,1,0.0006070754685282924,0.9999999537339795
69348,1,0.0006667021610602238,1.0000000517329242
30408,0,0.0027149861050945762,0.9999999947993038
73187,1,0.007345826954777488,1.0000000321094729
19179,1,0.00013552080053299745,0.9999999982043457
10166,1,0.0031726830692822713,1.000000012164825
16051,0,0.004198795588833998,0.9999999482969849
45533,0,0.0010987313252676443,0.9999999958031094
109910,0,0.0020507436161568606,1.000000028051143
246,0,0.0006667021610602238,1.0000000517329242
89162,0,0.0013670255069146825,1.0000000165623952
60182,1,0.0005884089269625609,0.999999980710548
28538,0,0.005060332552440032,1.0000000054901312
68885,1,0.0006878511561755446,1.0000000101852196
56027,1,0.0027149861050945762,0.9999999947993038
3100,0,0.0028895806206370002,0.9999999766411489
89316,0,0.0015978451647420651,1.0000000176565358
116796,0,0.0015978451647420651,1.0000000176565358
43555,1,0.004755200222770245,1.0000000117997783
107883,0,0.0012448435228145033,0.9999999427935407
94799,0,0.00337661276801696,1.0000000056416865
60648,1,0.001987774066425167,0.9999999844245672
28213,0,0.0037072529053448575,1.0000000487914342
58937,1,0.0053849370015672145,0.9999999633360379
66441,1,0.0010987313252676443,0.9999999958031094
15929,0,0.0015978451647420651,1.0000000176565358
61667,1,0.006097561309262689,0.9999999828768475
106216,0,0.0029810329339968827,0.9999999389302892
83532,0,0.005730245984379375,0.9999999785351972
29751,0,0.001926734293943221,0.9999999786144717
85930,0,0.002472622943003016,1.0000000330111785
18903,0,0.012053780458941033,1.00000001460889
72932,1,0.0015011819937681247,0.9999999714487824
104905,0,0.002631674240722588,1.0000000397652378
106104,0,0.004905404780589826,1.0000000436817893
20249,0,0.0037072529053448575,1.0000000487914342
80376,1,0.0002694790494263197,1.000000019483336
72920,1,0.0013670255069146825,1.0000000165623952
48250,1,0.0006070754685282924,0.9999999537339795
24139,0,0.0006070754685282924,0.9999999537339795
11945,1,0.0018675662743252222,0.9999999516670156
50687,0,0.0018102108585498632,0.9999999628520259
70215,1,0.0007321813269898655,0.9999999383370979
23174,0,0.005220125635523485,1.000000044620838
96415,0,0.0071214297960611106,0.9999999243380234
1848,0,0.004755200222770245,1.0000000117997783
60590,1,0.0017007221768206937,0.9999999995768329
3736,0,0.0028895806206370002,0.9999999766411489
79119,0,0.0021157029409860713,1.000000051242155
90150,0,0.0013670255069146825,1.0000000165623952
74211,1,0.0012843082836406087,0.999999930098206
35189,0,0.0014550627830884635,0.9999999687194807
17277,0,0.0007096703049020562,1.0000000445413926
64461,1,0.005554924449029013,1.000000044835735
84836,0,0.0012843081308850904,1.000000049038127
68429,1,0.0016484828588918183,1.000000036942309
91858,0,0.005730245984379375,0.9999999785351972
94250,0,0.0027149861050945762,0.9999999947993038
58670,1,0.0004728543816584347,1.0000000555976305
75665,1,0.0018102108585498632,0.9999999628520259
5613,1,0.0022518471900497736,0.999999940140665
98271,0,0.0038244833439267808,1.0000000309067572
104472,0,0.0020507436161568606,1.000000028051143
112974,0,0.0010987313252676443,0.9999999958031094
31866,0,0.0023967313911954784,0.9999999456397808
107084,0,0.0021157029409860713,1.000000051242155
81028,1,0.0038244833439267808,1.0000000309067572
37692,0,0.000315038828619097,0.9999999487533396
103349,0,0.0006878511561755446,1.0000000101852196
66228,1,0.0012065896955511597,0.9999999803798229
109274,0,0.004905404780589826,1.0000000436817893
18749,0,0.0017007221768206937,0.9999999995768329
41667,0,0.0010649624483902006,1.0000000091213148
105426,0,0.0021157029409860713,1.000000051242155
19597,0,0.010328154175697756,0.9999999990072629
115310,0,0.006488270281051803,1.0000000003816125
1593,1,0.0017546144219260113,0.9999999575550611
70387,1,0.0005193049800551674,0.9999999415560016
91623,0,0.0011335688164599627,0.9999999827825015
113824,0,0.0035936023996747954,1.0000000051124722
87336,0,0.005060332552440032,1.0000000054901312
60888,1,0.004609572905819922,0.999999996197946
42057,0,0.0035936023996747954,1.0000000051124722
12924,1,0.0020507436161568606,1.000000028051143
21441,0,0.0022518471900497736,0.999999940140665
27666,0,0.004609572905819922,0.999999996197946
16426,0,0.004755200222770245,1.0000000117997783
89576,0,0.005554924449029013,1.000000044835735
45283,0,0.0015978451647420651,1.0000000176565358
71916,1,0.0014550627830884635,0.9999999687194807
105912,0,0.0023967313911954784,0.9999999456397808
106234,0,0.001987774066425167,0.9999999844245672
145,0,0.001410358436282299,0.9999999587804097
64650,1,0.0011695103004128338,1.000000006057039
90880,0,0.006289901135666448,0.9999999399788999
29758,0,0.00037998453259431635,0.9999999705563407
76958,0,0.0023231620509800107,1.0000000566149345
1074,0,0.0017007221768206937,0.9999999995768329
54075,1,0.0022518471900497736,0.999999940140665
101185,0,0.0029810329339968827,0.9999999389302892
66249,1,0.003945406039842732,0.9999999479201375
73261,1,0.0022518471900497736,0.999999940140665
13749,1,0.0014550627830884635,0.9999999687194807
52248,1,0.0009399439131311984,1.0000000284860915
54627,1,0.0009697518580996581,0.9999999719686026
87373,0,0.0028009272903275605,0.9999999853458169
110895,0,0.005911069753745469,0.9999999401541151
30449,0,0.0018675662743252222,0.9999999516670156
12800,1,0.0006070754685282924,0.9999999537339795
111555,0,0.005060332552440032,1.0000000054901312
104821,0,0.0044683841359893966,0.9999999719504893
77278,0,0.0006667021610602238,1.0000000517329242
90445,0,0.0005884089269625609,0.999999980710548
12093,1,0.0028009272903275605,0.9999999853458169
7961,1,0.0009110513587503458,1.0000000502487847
87984,0,0.0018102108585498632,0.9999999628520259
37487,0,0.0014550627830884635,0.9999999687194807
18766,0,0.0022518471900497736,0.999999940140665
100591,0,0.0029810329339968827,0.9999999389302892
74768,1,0.0011335688164599627,0.9999999827825015
28749,0,0.0044683841359893966,0.9999999719504893
21305,0,0.005730245984379375,0.9999999785351972
109345,0,0.0044683841359893966,0.9999999719504893
65578,1,0.0012065896955511597,0.9999999803798229
87944,0,0.009412590343086962,0.999999976340415
109920,0,0.0010649624483902006,1.0000000091213148
80907,0,0.003707253343925564,0.9999999304880198
83628,0,0.0015978451647420651,1.0000000176565358
6775,0,0.002631674240722588,1.0000000397652378
110010,0,0.0008830457137489357,1.000000008496136
77206,1,0.001410358436282299,0.9999999587804097
75883,1,0.0011695103004128338,1.000000006057039
82662,0,0.0012843081308850904,1.000000049038127
102171,0,0.0038244833439267808,1.0000000309067572
95977,0,0.0044683841359893966,0.9999999719504893
846,1,0.005554924449029013,1.000000044835735
89829,0,0.004755200222770245,1.0000000117997783
97649,0,0.0017007221768206937,0.9999999995768329
55312,1,0.002631674240722588,1.0000000397652378
11713,1,0.0022518471900497736,0.999999940140665
17631,0,0.004905404780589826,1.0000000436817893
84430,0,0.0031726830692822713,1.000000012164825
7285,1,0.001325022200004762,0.9999999808267725
84997,0,0.0014550627830884635,0.9999999687194807
21853,0,0.0023967313911954784,0.9999999456397808
13352,1,0.0006462031557728052,1.0000000298140022
37547,0,0.0009697518580996581,0.9999999719686026
103114,0,0.0010322309782936526,0.999999991505182
102395,0,0.0021157029409860713,1.000000051242155
115518,0,0.0018102108585498632,0.9999999628520259
103365,0,0.004905405360218095,0.9999999255206484
7595,1,0.001987774066425167,0.9999999844245672
116130,0,0.001410358436282299,0.9999999587804097
47840,1,0.004755200222770245,1.0000000117997783
73457,1,0.0010005044957413633,1.000000029260898
77424,0,0.0044683841359893966,0.9999999719504893
31650,0,0.0012843081308850904,1.000000049038127
116570,0,0.001987774066425167,0.9999999844245672
64157,1,0.0006667021610602238,1.0000000517329242
67874,1,0.0015011819937681247,0.9999999714487824
40544,0,0.0010322309782936526,0.999999991505182
79501,0,0.001926734293943221,0.9999999786144717
14711,1,0.0002868540364001373,0.9999999995797564
58809,1,0.0010987313252676443,0.9999999958031094
59670,1,0.0008559005270359918,0.9999999957725794
99432,0,0.004198795588833998,0.9999999482969849
98277,0,0.0017007221768206937,0.9999999995768329
76342,0,0.0008830457137489357,1.000000008496136
101617,0,0.003483424138929746,1.0000000266632039
37874,0,0.004070137783849419,1.0000000383608847
100706,0,0.0009697518580996581,0.9999999719686026
32722,0,0.008847354846091981,0.9999999379678581
74015,1,0.0006878511561755446,1.0000000101852196
12457,1,0.0007096703049020562,1.0000000445413926
94638,0,0.0008830457137489357,1.000000008496136
83223,0,0.0035936023996747954,1.0000000051124722
76299,0,0.0009110513587503458,1.0000000502487847
94714,0,0.0014550627830884635,0.9999999687194807
18913,0,0.0023231623267394954,0.9999999379148776
76374,1,0.00048785718098195605,1.0000000524543657
116368,0,0.0010987313252676443,0.9999999958031094
28727,0,0.0031726830692822713,1.000000012164825
43717,0,0.0003250358280631563,0.9999999385743207
62476,1,0.0017007221768206937,0.9999999995768329
3578,1,0.0020507436161568606,1.000000028051143
92918,0,0.0018102108585498632,0.9999999628520259
84080,0,0.0027149861050945762,0.9999999947993038
110694,0,0.005554924449029013,1.000000044835735
92009,0,0.0018102108585498632,0.9999999628520259
112586,0,0.0013670255069146825,1.0000000165623952
23996,0,0.0011695103004128338,1.000000006057039
78287,0,0.0018102108585498632,0.9999999628520259
78804,0,0.0008830457137489357,1.000000008496136
17764,0,0.0014550627830884635,0.9999999687194807
98994,0,0.010986941578116865,1.000000000523565
90384,0,0.0015978451647420651,1.0000000176565358
98516,0,0.0020507436161568606,1.000000028051143
115048,0,0.0022518471900497736,0.999999940140665
71465,1,0.0015011819937681247,0.9999999714487824
67568,1,0.0010322309782936526,0.999999991505182
68850,1,0.0018102108585498632,0.9999999628520259
20429,0,0.022286183712849815,0.9999999334334186
34702,0,0.0028009272903275605,0.9999999853458169
42124,0,0.0022518471900497736,0.999999940140665
39996,0,0.0017546144219260113,0.9999999575550611
32039,0,0.009412590343086962,0.999999976340415
60591,1,0.0007321813269898655,0.9999999383370979
60528,1,0.0052201262521444506,0.9999999264970681
89147,0,0.0010322309782936526,0.999999991505182
88380,0,0.0012448435228145033,0.9999999427935407
80689,1,0.0004173158237957614,1.000000019100035
3747,1,0.0005357805252560689,0.9999999835883269
63960,1,0.008847354846091981,0.9999999379678581
26326,0,0.002472622943003016,1.0000000330111785
87738,0,0.0017007221768206937,0.9999999995768329
57245,1,0.001987774066425167,0.9999999844245672
112084,0,0.001987774066425167,0.9999999844245672
34584,0,0.0009697518580996581,0.9999999719686026
44449,1,0.0006070754685282924,0.9999999537339795
19,0,0.00712142895975136,1.0000000417736803
60934,1,0.0018102108585498632,0.9999999628520259
10853,1,0.00036829785714047883,0.9999999576515853
5397,1,0.00023050666092516467,1.0000000090374748
63123,1,0.0008559005270359918,0.9999999957725794
23107,0,0.010013570327733817,0.9999999480904885
112675,0,0.005730245984379375,0.9999999785351972
46065,1,0.0010987313252676443,0.9999999958031094
12522,1,0.0012065896955511597,0.9999999803798229
19636,0,0.0022518471900497736,0.999999940140665
31268,0,0.001926734293943221,0.9999999786144717
94983,0,0.0028009272903275605,0.9999999853458169
93097,0,0.002182716953960533,1.0000000011646122
81129,0,0.0020507436161568606,1.000000028051143
57615,1,0.0013670255069146825,1.0000000165623952
17366,0,0.002182716953960533,1.0000000011646122
31858,0,0.0021157029409860713,1.000000051242155
112989,0,0.0017546144219260113,0.9999999575550611
15996,0,0.0010005044957413633,1.000000029260898
5283,1,0.00030534899065814974,1.0000000280436612
79180,1,0.00017952800925040936,1.0000000310452395
81669,1,0.000185225784241119,1.0000000088614014
69581,1,0.0008295890015896191,0.9999999851304004
42973,0,0.0015011819937681247,0.9999999714487824
28072,0,0.0010987313252676443,0.9999999958031094
35610,0,0.005060332552440032,1.0000000054901312
15825,0,0.0012065896955511597,0.9999999803798229
112817,0,0.002550912911214397,1.000000039662948
94790,0,0.004070137783849419,1.0000000383608847
111798,0,0.0004728543816584347,1.0000000555976305
57426,0,0.0002780308537225942,0.9999999929179347
109969,0,0.0018102108585498632,0.9999999628520259
29494,0,0.002631674240722588,1.0000000397652378
68510,1,0.008061990984583519,0.9999999449506745
39649,0,0.0023231623267394954,0.9999999379148776
48538,1,0.0004044815611496185,1.0000000488971186
118692,0,0.002472622943003016,1.0000000330111785
29435,0,0.010328154175697756,0.9999999990072629
41350,0,0.0020507436161568606,1.000000028051143
110847,0,0.0031726830692822713,1.000000012164825
112131,0,0.0023967313911954784,0.9999999456397808
87310,0,0.004905404780589826,1.0000000436817893
50553,1,0.0007793661347695177,0.9999999876355288
89851,0,0.005911069753745469,0.9999999401541151
82133,0,0.0010322309782936526,0.999999991505182
90380,0,0.0020507436161568606,1.000000028051143
105707,0,0.0032730656975854832,0.9999999556123845
56554,1,0.0016484828588918183,1.000000036942309
203,0,0.0012065896955511597,0.9999999803798229
60359,1,0.0017546144219260113,0.9999999575550611
32368,0,0.00337661276801696,1.0000000056416865
58740,1,0.0009697518580996581,0.9999999719686026
84239,0,0.004755200222770245,1.0000000117997783
20734,0,0.0015487614480278714,1.0000000124985304
102579,0,0.0015978451647420651,1.0000000176565358
101193,0,0.005060332552440032,1.0000000054901312
38203,0,0.0018675662743252222,0.9999999516670156
44504,0,0.0021157031921723675,0.9999999325174157
45098,0,0.005554925104976847,0.9999999267517203
70921,1,0.006289901135666448,0.9999999399788999
72259,1,0.0007793661347695177,0.9999999876355288
95084,0,0.004198795588833998,0.9999999482969849
98765,0,0.0020507436161568606,1.000000028051143
28178,0,0.0053849370015672145,0.9999999633360379
82408,0,0.004755200222770245,1.0000000117997783
79294,0,0.0035936023996747954,1.0000000051124722
114134,0,0.0015978451647420651,1.0000000176565358
93046,0,0.0009110513587503458,1.0000000502487847
61819,1,0.001987774066425167,0.9999999844245672
88406,0,0.0011335688164599627,0.9999999827825015
6187,1,0.00048785718098195605,1.0000000524543657
33220,0,0.0032730656975854832,0.9999999556123845
62996,1,0.0010987313252676443,0.9999999958031094
67557,1,0.0035936023996747954,1.0000000051124722
102124,0,0.001987774066425167,0.9999999844245672
112774,0,0.0010987313252676443,0.9999999958031094
35108,0,0.002550912911214397,1.000000039662948
75234,1,0.0004442183150875949,1.0000000034980199
109444,0,0.0014550627830884635,0.9999999687194807
38421,0,0.004198795588833998,0.9999999482969849
2659,1,0.0006667021610602238,1.0000000517329242
11647,1,0.0012065896955511597,0.9999999803798229
103257,0,0.003945406039842732,0.9999999479201375
24807,0,0.004905404780589826,1.0000000436817893
49504,1,0.0006462031557728052,1.0000000298140022
96295,0,0.0016484828588918183,1.000000036942309
29928,0,0.0032730656975854832,0.9999999556123845
63120,1,0.0008559005270359918,0.9999999957725794
37652,0,0.004905404780589826,1.0000000436817893
50824,0,0.0008830457137489357,1.000000008496136
35345,0,0.0015487614480278714,1.0000000124985304
40051,1,0.006692851264816554,0.999999999910228
107960,0,0.0008559005270359918,0.9999999957725794
101834,0,0.0015487614480278714,1.0000000124985304
77425,0,0.004905404780589826,1.0000000436817893
43747,0,0.0014550627830884635,0.9999999687194807
15472,0,0.0035936023996747954,1.0000000051124722
49341,1,0.0008295890015896191,0.9999999851304004
101969,0,0.0020507436161568606,1.000000028051143
110296,0,0.005554925104976847,0.9999999267517203
70199,1,0.0016484828588918183,1.000000036942309
99444,0,0.005911069753745469,0.9999999401541151
81353,0,0.0014550627830884635,0.9999999687194807
27188,0,0.0016484828588918183,1.000000036942309
99305,0,0.0016484828588918183,1.000000036942309
82669,0,0.0007793661347695177,0.9999999876355288
116565,0,0.0010987313252676443,0.9999999958031094
23869,0,0.003945406039842732,0.9999999479201375
67841,1,0.0015487614480278714,1.0000000124985304
97734,0,0.0009110513587503458,1.0000000502487847
12231,1,0.0006462031557728052,1.0000000298140022
30656,0,0.006488270281051803,1.0000000003816125
65607,1,0.0012065896955511597,0.9999999803798229
1905,1,0.0009110513587503458,1.0000000502487847
104542,0,0.003945406039842732,0.9999999479201375
105695,0,0.006692851264816554,0.999999999910228
107296,1,0.0013670255069146825,1.0000000165623952
98149,0,0.002550912911214397,1.000000039662948
40863,1,0.0015978451647420651,1.0000000176565358
64523,1,0.00023050666092516467,1.0000000090374748
27076,0,0.0012065896955511597,0.9999999803798229
117156,0,0.0009697518580996581,0.9999999719686026
71717,1,0.004905404780589826,1.0000000436817893
79667,0,0.0009399439131311984,1.0000000284860915
69234,1,0.0004173158237957614,1.000000019100035
77854,1,0.006289901135666448,0.9999999399788999
93766,0,0.0013670255069146825,1.0000000165623952
4912,1,0.0035936023996747954,1.0000000051124722
42386,0,0.003483424138929746,1.0000000266632039
118785,0,0.0022518471900497736,0.999999940140665
17222,0,0.0010987313252676443,0.9999999958031094
98248,0,0.0010649624483902006,1.0000000091213148
46463,1,0.00021654407062505403,0.9999999876982513
19777,0,0.007577241922677275,0.9999999784749916
39642,0,0.001410358436282299,0.9999999587804097
93622,0,0.0027149861050945762,0.9999999947993038
53414,1,0.004609572905819922,0.999999996197946
42674,0,0.0010987313252676443,0.9999999958031094
16377,0,0.001987774066425167,0.9999999844245672
69190,1,0.005911069753745469,0.9999999401541151
117905,0,0.0016484828588918183,1.000000036942309
5933,1,0.000315038828619097,0.9999999487533396
38725,0,0.000804085962940771,0.9999999511342968
96400,0,0.001325022200004762,0.9999999808267725
4481,1,0.0015487614480278714,1.0000000124985304
30979,0,0.0009399439131311984,1.0000000284860915
4271,1,0.0006878511561755446,1.0000000101852196
43964,1,0.0014550627830884635,0.9999999687194807
73730,1,0.001987774066425167,0.9999999844245672
97804,0,0.0017546144219260113,0.9999999575550611
69545,1,0.0006667021610602238,1.0000000517329242
26084,0,0.006097561309262689,0.9999999828768475
7145,1,0.006289901135666448,0.9999999399788999
55871,1,0.00337661276801696,1.0000000056416865
64751,1,0.005730245984379375,0.9999999785351972
47817,1,0.0028895806206370002,0.9999999766411489
73787,1,0.0028895806206370002,0.9999999766411489
55361,0,0.0053849370015672145,0.9999999633360379
79019,0,0.0015011819937681247,0.9999999714487824
113788,0,0.0012065896955511597,0.9999999803798229
21009,0,0.002550912911214397,1.000000039662948
51154,1,0.004070137783849419,1.0000000383608847
11098,1,0.002182716953960533,1.0000000011646122
1159,0,0.0031726830692822713,1.000000012164825
34339,0,0.00337661276801696,1.0000000056416865
58625,1,0.0009110513587503458,1.0000000502487847
47046,1,0.0031726830692822713,1.000000012164825
44424,1,0.0006070754685282924,0.9999999537339795
76398,1,0.0003920418525378508,0.9999999970507341
85027,0,0.0009399439131311984,1.0000000284860915
69279,1,0.0008830457137489357,1.000000008496136
111617,0,0.00433150297248697,1.0000000417343247
46234,0,0.002182716953960533,1.0000000011646122
71832,1,0.0014550627830884635,0.9999999687194807
3434,1,0.002631674240722588,1.0000000397652378
96457,0,0.0029810329339968827,0.9999999389302892
49141,1,0.000804085962940771,0.9999999511342968
32002,0,0.0008295890015896191,0.9999999851304004
13490,1,0.0012065896955511597,0.9999999803798229
60137,1,0.0005884089269625609,0.999999980710548
39144,0,0.0007096703049020562,1.0000000445413926
3176,0,0.0015011819937681247,0.9999999714487824
76307,0,0.000503335511703203,1.0000000489065606
104150,0,0.0018102108585498632,0.9999999628520259
49101,1,0.0003353500316799018,1.0000000075909845
21151,0,0.0035936023996747954,1.0000000051124722
109613,0,0.00048785718098195605,1.0000000524543657
64550,1,0.00023050666092516467,1.0000000090374748
88103,0,0.0029810329339968827,0.9999999389302892
50566,1,0.00337661276801696,1.0000000056416865
117802,0,0.0053849370015672145,0.9999999633360379
12371,1,0.0038244833439267808,1.0000000309067572
48535,1,0.000315038828619097,0.9999999487533396
102897,0,0.00337661276801696,1.0000000056416865
66084,1,0.0015487614480278714,1.0000000124985304
63959,1,0.001987774066425167,0.9999999844245672
17708,0,0.001926734293943221,0.9999999786144717
107144,0,0.004198795588833998,0.9999999482969849
119010,0,0.0009399439131311984,1.0000000284860915
10209,1,0.006097561309262689,0.9999999828768475
62637,1,0.0021157031921723675,0.9999999325174157
96888,0,0.007345826954777488,1.0000000321094729
75333,1,0.0005193049800551674,0.9999999415560016
41295,1,0.0005357805252560689,0.9999999835883269
105783,0,0.001987774066425167,0.9999999844245672
23099,0,0.0014550627830884635,0.9999999687194807
29210,0,0.0031726830692822713,1.000000012164825
11337,1,0.0006263341098699961,1.0000000433800846
7890,1,0.0027149861050945762,0.9999999947993038
100156,0,0.0015011819937681247,0.9999999714487824
74062,1,0.0008295890015896191,0.9999999851304004
58122,1,0.0007793661347695177,0.9999999876355288
27789,0,0.010013570327733817,0.9999999480904885
55176,1,0.0010649624483902006,1.0000000091213148
28261,0,0.003483424138929746,1.0000000266632039
25762,0,0.0035936023996747954,1.0000000051124722
95081,0,0.010328154175697756,0.9999999990072629
79026,0,0.004755200222770245,1.0000000117997783
8423,1,0.0029810329339968827,0.9999999389302892
43692,0,0.0003250358280631563,0.9999999385743207
37865,0,0.0013670255069146825,1.0000000165623952
50976,1,0.0007554055970964759,0.9999999513703358
57899,1,0.0005703158181576563,0.9999999863896244
52758,1,0.0003459915412409113,1.0000000467091383
37293,0,0.006488270281051803,1.0000000003816125
1388,1,0.0007321813269898655,0.9999999383370979
368,0,0.0031726830692822713,1.000000012164825
18265,0,0.0020507436161568606,1.000000028051143
3835,1,0.0020507436161568606,1.000000028051143
42409,0,0.001325022200004762,0.9999999808267725
37021,0,0.003945406039842732,0.9999999479201375
15117,1,0.0044683841359893966,0.9999999719504893
59777,1,0.004755200222770245,1.0000000117997783
83660,0,0.002182716953960533,1.0000000011646122
520,0,0.0018102108585498632,0.9999999628520259
7636,1,0.00337661276801696,1.0000000056416865
21911,0,0.0037072529053448575,1.0000000487914342
56315,1,0.004198795588833998,0.9999999482969849
11078,1,0.0028009272903275605,0.9999999853458169
33516,0,0.0022518471900497736,0.999999940140665
27128,1,0.004070137783849419,1.0000000383608847
56588,1,0.004905404780589826,1.0000000436817893
2609,1,0.0016484828588918183,1.000000036942309
105106,0,0.0015487614480278714,1.0000000124985304
96006,0,0.0011695103004128338,1.000000006057039
88317,0,0.0017007221768206937,0.9999999995768329
29855,0,0.003075369179754187,0.9999999584314581
64758,1,0.005554925104976847,0.9999999267517203
78660,0,0.009708474753363424,1.0000000007435899
11495,1,0.0023967313911954784,0.9999999456397808
43954,1,0.0012065896955511597,0.9999999803798229
65436,1,0.0003920418525378508,0.9999999970507341
36093,0,0.010986941578116865,1.000000000523565
30058,0,0.004070137783849419,1.0000000383608847
66105,1,0.0010005044957413633,1.000000029260898
106065,0,0.003707253343925564,0.9999999304880198
112618,0,0.0029810329339968827,0.9999999389302892
45241,0,0.0015978451647420651,1.0000000176565358
78024,1,0.0004044815611496185,1.0000000488971186
44928,1,0.0004173158237957614,1.000000019100035
53909,1,0.0038244833439267808,1.0000000309067572
40309,1,0.0006263341098699961,1.0000000433800846
54622,1,0.003075369179754187,0.9999999584314581
22482,0,0.0013670255069146825,1.0000000165623952
108015,0,0.0017007221768206937,0.9999999995768329
82654,0,0.002631674240722588,1.0000000397652378
91302,0,0.0018675662743252222,0.9999999516670156
68193,1,0.0004728544379729081,0.9999999365028902
30707,0,0.0003353500316799018,1.0000000075909845
63611,1,0.0015487614480278714,1.0000000124985304
116370,0,0.0028895806206370002,0.9999999766411489
94316,0,0.0023967313911954784,0.9999999456397808
105132,0,0.005554924449029013,1.000000044835735
71407,1,0.001987774066425167,0.9999999844245672
29942,0,0.025178841837756993,0.999999995526442
14169,0,0.00831578015177299,0.9999999737971101
87922,0,0.00857748525531428,0.999999962128762
48202,1,0.0014550627830884635,0.9999999687194807
40158,1,0.0004305570927227883,1.0000000393706996
56727,1,0.002631674240722588,1.0000000397652378
34729,0,0.0018675662743252222,0.9999999516670156
101269,0,0.0023967313911954784,0.9999999456397808
52415,1,0.005554924449029013,1.000000044835735
47384,1,0.005730245984379375,0.9999999785351972
109513,0,0.0015011819937681247,0.9999999714487824
69340,1,0.0006667021610602238,1.0000000517329242
42473,0,0.0031726830692822713,1.000000012164825
67509,1,0.0017007221768206937,0.9999999995768329
11833,1,0.0017546144219260113,0.9999999575550611
33036,0,0.0007096703049020562,1.0000000445413926
88482,0,0.0015011819937681247,0.9999999714487824
59214,0,0.0009110513587503458,1.0000000502487847
11453,1,0.0004173158237957614,1.000000019100035
101381,0,0.0052201262521444506,0.9999999264970681
30762,0,0.0010649624483902006,1.0000000091213148
60749,1,0.005060332552440032,1.0000000054901312
46906,0,0.00831578015177299,0.9999999737971101
42863,0,0.0010322309782936526,0.999999991505182
68282,1,0.0004442183150875949,1.0000000034980199
9773,1,0.0018675662743252222,0.9999999516670156
113124,0,0.0010322309782936526,0.999999991505182
33795,0,0.006097561309262689,0.9999999828768475
57985,1,0.001410358436282299,0.9999999587804097
14680,1,0.0002868540364001373,0.9999999995797564
91830,0,0.006903836628141824,1.0000000217724625
14812,1,0.0007793661347695177,0.9999999876355288
27481,0,0.0011695103004128338,1.000000006057039
27752,0,0.0018675662743252222,0.9999999516670156
32671,0,0.003483424138929746,1.0000000266632039
60055,1,0.0021157031921723675,0.9999999325174157
39491,0,0.002631674240722588,1.0000000397652378
90057,0,0.0015487614480278714,1.0000000124985304
99934,0,0.001410358436282299,0.9999999587804097
110864,0,0.004198795588833998,0.9999999482969849
79514,0,0.0023231620509800107,1.0000000566149345
5187,1,0.0035936023996747954,1.0000000051124722
88460,0,0.0028009272903275605,0.9999999853458169
113784,0,0.0031726830692822713,1.000000012164825
118130,0,0.0014550627830884635,0.9999999687194807
81841,1,0.00012731110128927852,1.0000000117902121
7168,1,0.0015978451647420651,1.0000000176565358
48147,1,0.0007793661347695177,0.9999999876355288
25246,0,0.0012843081308850904,1.000000049038127
64950,1,0.00036829785714047883,0.9999999576515853
41546,0,0.0023967313911954784,0.9999999456397808
51331,1,0.0009110513587503458,1.0000000502487847
110320,0,0.0011335688164599627,0.9999999827825015
6526,1,0.0016484828588918183,1.000000036942309
14186,0,0.0035936023996747954,1.0000000051124722
672,1,0.0020507436161568606,1.000000028051143
14156,0,0.002550912911214397,1.000000039662948
48848,1,0.005911069753745469,0.9999999401541151
113632,0,0.004905405360218095,0.9999999255206484
95986,0,0.001325022200004762,0.9999999808267725
98825,0,0.0031726830692822713,1.000000012164825
85541,0,0.006097561309262689,0.9999999828768475
102940,0,0.0017546144219260113,0.9999999575550611
114367,0,0.0017007221768206937,0.9999999995768329
18056,0,0.003483424138929746,1.0000000266632039
93393,0,0.006692851264816554,0.999999999910228
118273,0,0.0032730656975854832,0.9999999556123845
19676,0,0.011687259437185585,1.0000000241954257
111611,0,0.0015011819937681247,0.9999999714487824
47,0,0.0004442183150875949,1.0000000034980199
19381,0,0.0027149861050945762,0.9999999947993038
118163,0,0.010013570327733817,0.9999999480904885
83186,0,0.002182716953960533,1.0000000011646122
88270,0,0.004070137783849419,1.0000000383608847
25413,0,0.0028009272903275605,0.9999999853458169
93223,0,0.003483424138929746,1.0000000266632039
114813,0,0.002182716953960533,1.0000000011646122
59651,1,0.00337661276801696,1.0000000056416865
35484,0,0.001410358436282299,0.9999999587804097
15326,0,0.0012065896955511597,0.9999999803798229
18743,0,0.009125636757578982,0.9999999290921061
92978,0,0.007577241922677275,0.9999999784749916
8278,1,0.0006070754685282924,0.9999999537339795
70598,1,0.0011335688164599627,0.9999999827825015
107627,0,0.0037072529053448575,1.0000000487914342
17805,0,0.0021157029409860713,1.000000051242155
31425,0,0.0023231623267394954,0.9999999379148776
67017,1,0.0017007221768206937,0.9999999995768329
79727,0,0.005060332552440032,1.0000000054901312
72128,1,0.007345826954777488,1.0000000321094729
53497,1,0.0009697518580996581,0.9999999719686026
62167,1,0.0017007221768206937,0.9999999995768329
112632,0,0.0015978451647420651,1.0000000176565358
8353,1,0.0021157031921723675,0.9999999325174157
17033,0,0.0020507436161568606,1.000000028051143
2535,0,0.001410358436282299,0.9999999587804097
35724,0,0.0022518471900497736,0.999999940140665
24761,0,0.0022518471900497736,0.999999940140665
112484,0,0.001410358436282299,0.9999999587804097
79764,0,0.0052201262521444506,0.9999999264970681
68028,1,0.0022518471900497736,0.999999940140665
26296,0,0.001987774066425167,0.9999999844245672
96817,0,0.0032730656975854832,0.9999999556123845
105620,0,0.0023231623267394954,0.9999999379148776
33142,0,0.0018102108585498632,0.9999999628520259
78796,0,0.0008830457137489357,1.000000008496136
72077,1,0.004070137783849419,1.0000000383608847
45473,0,0.002472622943003016,1.0000000330111785
66069,1,0.0015487614480278714,1.0000000124985304
18964,0,0.0023967313911954784,0.9999999456397808
7783,1,0.0013670255069146825,1.0000000165623952
88312,0,0.0007793661347695177,0.9999999876355288
113102,0,0.0013670255069146825,1.0000000165623952
81576,1,0.0008559005270359918,0.9999999957725794
51301,1,0.0037072529053448575,1.0000000487914342
20798,0,0.004070137783849419,1.0000000383608847
118133,0,0.0022518471900497736,0.999999940140665
84588,0,0.0023231623267394954,0.9999999379148776
35025,0,0.0027149861050945762,0.9999999947993038
58195,1,0.0010005044957413633,1.000000029260898
116726,0,0.00433150297248697,1.0000000417343247
18322,0,0.0018102108585498632,0.9999999628520259
23026,0,0.006289901135666448,0.9999999399788999
18888,0,0.006289901135666448,0.9999999399788999
59883,1,0.0005703158181576563,0.9999999863896244
59996,1,0.000503335511703203,1.0000000489065606
57717,1,0.0005527785524441058,0.9999999531988453
72624,1,0.0011695103004128338,1.000000006057039
36499,0,0.0006070754685282924,0.9999999537339795
118201,0,0.0031726830692822713,1.000000012164825
29818,0,0.0031726830692822713,1.000000012164825
62181,1,0.000804085962940771,0.9999999511342968
59656,1,0.003483424138929746,1.0000000266632039
21494,0,0.007345826954777488,1.0000000321094729
1653,1,0.0015978451647420651,1.0000000176565358
87208,0,0.0007793661347695177,0.9999999876355288
90945,0,0.002550912911214397,1.000000039662948
80265,1,0.00037998453259431635,0.9999999705563407
35450,0,0.0017007221768206937,0.9999999995768329
65271,1,0.0003920418525378508,0.9999999970507341
45162,0,0.0009399439131311984,1.0000000284860915
115636,0,0.0018675662743252222,0.9999999516670156
74822,1,0.00037998453259431635,0.9999999705563407
77462,0,0.0038244833439267808,1.0000000309067572
67806,1,0.0028895806206370002,0.9999999766411489
73288,1,0.005730245984379375,0.9999999785351972
29621,0,0.0017007221768206937,0.9999999995768329
109889,0,0.0007793661347695177,0.9999999876355288
42826,0,0.0007793661347695177,0.9999999876355288
24615,0,0.002182716953960533,1.0000000011646122
62489,1,0.0017007221768206937,0.9999999995768329
31481,0,0.0012843081308850904,1.000000049038127
69383,1,0.0018102108585498632,0.9999999628520259
44237,0,0.0008830457137489357,1.000000008496136
98978,0,0.0011695103004128338,1.000000006057039
44034,0,0.00037998453259431635,0.9999999705563407
72462,1,0.0012843081308850904,1.000000049038127
93760,0,0.0009399439131311984,1.0000000284860915
43899,1,0.0007554055970964759,0.9999999513703358
22205,0,0.00337661276801696,1.0000000056416865
92983,0,0.004905405360218095,0.9999999255206484
104800,0,0.005554925104976847,0.9999999267517203
22228,0,0.001325022200004762,0.9999999808267725
91511,0,0.007577241922677275,0.9999999784749916
108480,0,0.003075369179754187,0.9999999584314581
88944,0,0.0011695103004128338,1.000000006057039
38602,0,0.0006878511561755446,1.0000000101852196
59955,1,0.000503335511703203,1.0000000489065606
71812,1,0.0015011819937681247,0.9999999714487824
12401,1,0.0028895806206370002,0.9999999766411489
9129,0,0.004755200222770245,1.0000000117997783
10115,1,0.004609572905819922,0.999999996197946
14023,0,0.0021157029409860713,1.000000051242155
94315,0,0.0006462031557728052,1.0000000298140022
95749,0,0.0031726830692822713,1.000000012164825
104223,0,0.0022518471900497736,0.999999940140665
68989,1,0.0010649624483902006,1.0000000091213148
7387,1,0.0023231623267394954,0.9999999379148776
26923,0,0.001926734293943221,0.9999999786144717
93753,0,0.005554925104976847,0.9999999267517203
94883,0,0.0004173158237957614,1.000000019100035
59383,1,0.0009399439131311984,1.0000000284860915
39229,0,0.0018102108585498632,0.9999999628520259
48530,1,0.0004044815611496185,1.0000000488971186
112144,0,0.0028895806206370002,0.9999999766411489
111134,0,0.003945406039842732,0.9999999479201375
118342,0,0.00337661276801696,1.0000000056416865
53979,1,0.003707253343925564,0.9999999304880198
101579,0,0.0032730656975854832,0.9999999556123845
80822,0,0.0009399439131311984,1.0000000284860915
51255,1,0.0015487614480278714,1.0000000124985304
39415,0,0.0012065896955511597,0.9999999803798229
35294,0,0.0015487614480278714,1.0000000124985304
19444,0,0.00831578015177299,0.9999999737971101
100984,0,0.00857748525531428,0.999999962128762
294,0,0.005060332552440032,1.0000000054901312
61190,1,0.003483424138929746,1.0000000266632039
116707,0,0.0023967313911954784,0.9999999456397808
75270,1,0.0006462031557728052,1.0000000298140022
58288,1,0.003075369179754187,0.9999999584314581
16523,0,0.0014550627830884635,0.9999999687194807
51449,1,0.0006878511561755446,1.0000000101852196
100472,0,0.001926734293943221,0.9999999786144717
50560,1,0.0006462031557728052,1.0000000298140022
38877,0,0.0014550627830884635,0.9999999687194807
59750,1,0.0008559005270359918,0.9999999957725794
112134,0,0.002182716953960533,1.0000000011646122
45669,0,0.0017007221768206937,0.9999999995768329
16180,0,0.001987774066425167,0.9999999844245672
84631,0,0.007815887019844698,0.9999999870547851
95929,0,0.0015487614480278714,1.0000000124985304
70784,1,0.0010322309782936526,0.999999991505182
28041,0,0.0015487614480278714,1.0000000124985304
109545,0,0.0015487614480278714,1.0000000124985304
50363,1,0.0032730656975854832,0.9999999556123845
67598,1,0.0011335688164599627,0.9999999827825015
8835,1,0.0004442183150875949,1.0000000034980199
92104,0,0.005060332552440032,1.0000000054901312
104596,0,0.0021157031921723675,0.9999999325174157
49347,1,0.003945406039842732,0.9999999479201375
29668,0,0.003483424138929746,1.0000000266632039
39184,0,0.0008559005270359918,0.9999999957725794
115211,0,0.0008830457137489357,1.000000008496136
70221,1,0.0007321813269898655,0.9999999383370979
24880,0,0.0038244833439267808,1.0000000309067572
50136,1,0.0018102108585498632,0.9999999628520259
59163,1,0.0011335688164599627,0.9999999827825015
36732,0,0.0023967313911954784,0.9999999456397808
43307,1,0.00037998453259431635,0.9999999705563407
29410,0,0.016914910014503882,0.999999993618379
60491,1,0.0032730656975854832,0.9999999556123845
105637,0,0.006097561309262689,0.9999999828768475
52606,1,0.0020507436161568606,1.000000028051143
53342,1,0.0028895806206370002,0.9999999766411489
57773,1,0.0006667021610602238,1.0000000517329242
104345,0,0.005911069753745469,0.9999999401541151
11745,1,0.0023231623267394954,0.9999999379148776
11401,1,0.0012843081308850904,1.000000049038127
99321,0,0.0008830457137489357,1.000000008496136
76042,1,0.0012843082836406087,0.999999930098206
114529,0,0.0018102108585498632,0.9999999628520259
86934,0,0.0028895806206370002,0.9999999766411489
69772,1,0.0009399439131311984,1.0000000284860915
109972,0,0.0017546144219260113,0.9999999575550611
49534,1,0.003707253343925564,0.9999999304880198
90103,0,0.001325022200004762,0.9999999808267725
92438,0,0.0028009272903275605,0.9999999853458169
80524,1,0.003075369179754187,0.9999999584314581
63455,1,0.0010987313252676443,0.9999999958031094
85920,0,0.004609572905819922,0.999999996197946
22881,0,0.0009697518580996581,0.9999999719686026
111571,0,0.0012448435228145033,0.9999999427935407
5113,0,0.0006070754685282924,0.9999999537339795
57546,1,0.005060332552440032,1.0000000054901312
111369,0,0.0010322309782936526,0.999999991505182
60121,1,0.002550912911214397,1.000000039662948
110520,0,0.0028895806206370002,0.9999999766411489
7109,1,0.002550912911214397,1.000000039662948
88401,0,0.0011335688164599627,0.9999999827825015
88379,0,0.003483424138929746,1.0000000266632039
46275,1,0.0010649624483902006,1.0000000091213148
21550,0,0.009125635688067147,1.00000004629071
424,0,0.004905404780589826,1.0000000436817893
101956,0,0.0027149861050945762,0.9999999947993038
14542,0,0.0037072529053448575,1.0000000487914342
34681,0,0.0027149861050945762,0.9999999947993038
37109,0,0.0009697518580996581,0.9999999719686026
26492,0,0.0006263341098699961,1.0000000433800846
18889,0,0.001987774066425167,0.9999999844245672
32860,0,0.0015978451647420651,1.0000000176565358
45537,0,0.0010987313252676443,0.9999999958031094
114317,0,0.0032730656975854832,0.9999999556123845
88288,0,0.004070137783849419,1.0000000383608847
110961,0,0.00712142895975136,1.0000000417736803
58930,1,0.001410358436282299,0.9999999587804097
39874,0,0.0013670255069146825,1.0000000165623952
18323,0,0.001325022200004762,0.9999999808267725
71641,1,0.0023967313911954784,0.9999999456397808
79943,1,0.0029810329339968827,0.9999999389302892
30980,0,0.0009399439131311984,1.0000000284860915
111700,0,0.0038244833439267808,1.0000000309067572
56182,1,0.0008295890015896191,0.9999999851304004
6532,1,0.0013670255069146825,1.0000000165623952
2759,0,0.0032730656975854832,0.9999999556123845
12847,1,0.0006878511561755446,1.0000000101852196
107199,0,0.0028009272903275605,0.9999999853458169
5761,1,0.0022518471900497736,0.999999940140665
19650,0,0.013636837849485767,0.9999999566894956
15300,1,0.0005703158181576563,0.9999999863896244
105868,0,0.0013670255069146825,1.0000000165623952
38474,0,0.004198795588833998,0.9999999482969849
65888,1,0.00433150297248697,1.0000000417343247
73269,1,0.0028895806206370002,0.9999999766411489
100166,0,0.002550912911214397,1.000000039662948
55529,1,0.005730245984379375,0.9999999785351972
42883,0,0.0038244833439267808,1.0000000309067572
25482,0,0.0028895806206370002,0.9999999766411489
46809,0,0.003945406039842732,0.9999999479201375
113695,0,0.006097561309262689,0.9999999828768475
115412,0,0.0028009272903275605,0.9999999853458169
90874,0,0.0053849370015672145,0.9999999633360379
30922,0,0.0016484828588918183,1.000000036942309
48096,1,0.00023050666092516467,1.0000000090374748
52491,1,0.0021157031921723675,0.9999999325174157
62572,1,0.0032730656975854832,0.9999999556123845
49294,1,0.003707253343925564,0.9999999304880198
37843,0,0.0020507436161568606,1.000000028051143
71525,1,0.0011335688164599627,0.9999999827825015
63263,1,0.0035936023996747954,1.0000000051124722
80732,0,0.001987774066425167,0.9999999844245672
5285,1,0.00030534899065814974,1.0000000280436612
113353,0,0.001325022200004762,0.9999999808267725
37032,0,0.002182716953960533,1.0000000011646122
41427,0,0.005911069753745469,0.9999999401541151
95586,0,0.0012065896955511597,0.9999999803798229
105874,0,0.0015011819937681247,0.9999999714487824
100205,0,0.006903836628141824,1.0000000217724625
75100,1,0.0005193049800551674,0.9999999415560016
36834,0,0.0027149861050945762,0.9999999947993038
11288,1,0.0015011819937681247,0.9999999714487824
66299,1,0.003707253343925564,0.9999999304880198
78799,0,0.0008830457137489357,1.000000008496136
76238,1,0.0015487614480278714,1.0000000124985304
93070,0,0.004755200222770245,1.0000000117997783
105590,0,0.0010987313252676443,0.9999999958031094
33102,0,0.014063626423394072,1.000000006896188
26475,0,0.011331753760907875,1.0000000187040352
78137,0,0.00433150297248697,1.0000000417343247
78264,1,0.006289901135666448,0.9999999399788999
74039,1,0.0006263341098699961,1.0000000433800846
89844,0,0.0037072529053448575,1.0000000487914342
17560,0,0.0010322309782936526,0.999999991505182
83448,0,0.001410358436282299,0.9999999587804097
4884,1,0.0006878511561755446,1.0000000101852196
50138,0,0.003483424138929746,1.0000000266632039
113045,0,0.001987774066425167,0.9999999844245672
45855,0,0.0014550627830884635,0.9999999687194807
63819,1,0.0023967313911954784,0.9999999456397808
69140,1,0.0028895806206370002,0.9999999766411489
18770,0,0.0015011819937681247,0.9999999714487824
56364,1,0.004755200222770245,1.0000000117997783
18302,0,0.005220125635523485,1.000000044620838
113887,0,0.007815887019844698,0.9999999870547851
61915,1,0.0008295890015896191,0.9999999851304004
17851,0,0.0008295890015896191,0.9999999851304004
1630,0,0.0016484828588918183,1.000000036942309
70725,1,0.0010987313252676443,0.9999999958031094
31094,0,0.0017546144219260113,0.9999999575550611
48341,1,0.004609572905819922,0.999999996197946
90268,0,0.0018675662743252222,0.9999999516670156
92857,0,0.0044683841359893966,0.9999999719504893
27310,0,0.0013670255069146825,1.0000000165623952
37585,0,0.005220125635523485,1.000000044620838
74696,1,0.00016865273148773866,1.0000000000420177
99851,0,0.003945406039842732,0.9999999479201375
103061,0,0.004198795588833998,0.9999999482969849
71083,1,0.0009110513587503458,1.0000000502487847
75474,1,0.0004305570927227883,1.0000000393706996
91967,0,0.011687255295588348,0.9999999017268896
22423,0,0.002550912911214397,1.000000039662948
104195,0,0.001987774066425167,0.9999999844245672
9017,1,0.0017546144219260113,0.9999999575550611
59518,1,0.0017546144219260113,0.9999999575550611
83302,0,0.001410358436282299,0.9999999587804097
21672,0,0.0015487614480278714,1.0000000124985304
65361,1,0.0007321813269898655,0.9999999383370979
89055,0,0.003945406039842732,0.9999999479201375
61535,1,0.0015487614480278714,1.0000000124985304
26272,0,0.00037998453259431635,0.9999999705563407
73499,1,0.0011335688164599627,0.9999999827825015
24351,0,0.0010322309782936526,0.999999991505182
28887,0,0.009412590343086962,0.999999976340415
90855,0,0.0017007221768206937,0.9999999995768329
16225,0,0.007815887019844698,0.9999999870547851
26162,0,0.0005884089269625609,0.999999980710548
102190,0,0.003483424138929746,1.0000000266632039
2247,0,0.000503335511703203,1.0000000489065606
56518,1,0.0008830457137489357,1.000000008496136
103280,0,0.0038244833439267808,1.0000000309067572
86902,0,0.006488270281051803,1.0000000003816125
108745,0,0.0011335688164599627,0.9999999827825015
112357,0,0.005554925104976847,0.9999999267517203
34122,0,0.0010322309782936526,0.999999991505182
63669,1,0.0029810329339968827,0.9999999389302892
87246,0,0.0052201262521444506,0.9999999264970681
41271,1,0.0005357805252560689,0.9999999835883269
22681,0,0.0032730656975854832,0.9999999556123845
115036,0,0.009708474753363424,1.0000000007435899
79914,0,0.0021157029409860713,1.000000051242155
32437,0,0.002631674240722588,1.0000000397652378
10672,1,0.0005193049800551674,0.9999999415560016
43988,0,0.0010987313252676443,0.9999999958031094
89294,0,0.004755200222770245,1.0000000117997783
59653,1,0.002550912911214397,1.000000039662948
85080,0,0.0021157029409860713,1.000000051242155
50207,1,0.005554925104976847,0.9999999267517203
22704,0,0.002472622943003016,1.0000000330111785
59850,1,0.0005703158181576563,0.9999999863896244
36641,0,0.0037072529053448575,1.0000000487914342
114667,0,0.0044683841359893966,0.9999999719504893
28927,0,0.0013670255069146825,1.0000000165623952
55282,1,0.0012448435228145033,0.9999999427935407
64126,1,0.0006667021610602238,1.0000000517329242
77886,0,0.001325022200004762,0.9999999808267725
21782,0,0.015424550653331922,0.9999999493219639
39802,0,0.0018675662743252222,0.9999999516670156
85429,0,0.000315038828619097,0.9999999487533396
79614,0,0.006692851264816554,0.999999999910228
24630,0,0.001926734293943221,0.9999999786144717
48259,1,0.003707253343925564,0.9999999304880198
39434,0,0.0009399439131311984,1.0000000284860915
26504,0,0.006488270281051803,1.0000000003816125
116249,0,0.000732181239813549,1.0000000574009393
111466,0,0.0018102108585498632,0.9999999628520259
95898,0,0.003483424138929746,1.0000000266632039
15297,0,0.0018675662743252222,0.9999999516670156
82800,1,0.0005357805252560689,0.9999999835883269
34139,0,0.005220125635523485,1.000000044620838
96673,0,0.0038244833439267808,1.0000000309067572
41825,1,0.0027149861050945762,0.9999999947993038
63239,1,0.0011695103004128338,1.000000006057039
60983,1,0.0008295890015896191,0.9999999851304004
23108,0,0.007577241922677275,0.9999999784749916
56903,1,0.00337661276801696,1.0000000056416865
83689,0,0.0010987313252676443,0.9999999958031094
13854,0,0.002182716953960533,1.0000000011646122
103631,0,0.001926734293943221,0.9999999786144717
113034,0,0.001926734293943221,0.9999999786144717
53416,1,0.00048785718098195605,1.0000000524543657
57910,1,0.0005703158181576563,0.9999999863896244
105414,0,0.0023231623267394954,0.9999999379148776
849,1,0.0053849370015672145,0.9999999633360379
36141,0,0.0016484828588918183,1.000000036942309
95881,0,0.0009399439131311984,1.0000000284860915
72685,1,0.0028009272903275605,0.9999999853458169
70633,1,0.0013670255069146825,1.0000000165623952
99918,0,0.004905404780589826,1.0000000436817893
95667,0,0.0020507436161568606,1.000000028051143
52615,1,0.005730245984379375,0.9999999785351972
40061,1,0.0004728543816584347,1.0000000555976305
71583,1,0.003945406039842732,0.9999999479201375
50055,1,0.0005193049800551674,0.9999999415560016
104899,0,0.0011335688164599627,0.9999999827825015
118203,0,0.009412590343086962,0.999999976340415
91480,0,0.0027149861050945762,0.9999999947993038
110941,0,0.000804085962940771,0.9999999511342968
50632,1,0.0012065896955511597,0.9999999803798229
575,0,0.0015487614480278714,1.0000000124985304
94066,0,0.0006263341098699961,1.0000000433800846
79317,0,0.006488270281051803,1.0000000003816125
61940,1,0.0008830457137489357,1.000000008496136
106046,0,0.0012065896955511597,0.9999999803798229
63705,1,0.010986941578116865,1.000000000523565
13014,1,0.0031726830692822713,1.000000012164825
9087,1,0.0028895806206370002,0.9999999766411489
34673,0,0.0028009272903275605,0.9999999853458169
113514,0,0.0022518471900497736,0.999999940140665
69213,1,0.0002868540364001373,0.9999999995797564
105022,0,0.0010322309782936526,0.999999991505182
83417,0,0.0028009272903275605,0.9999999853458169
10086,1,0.0015487614480278714,1.0000000124985304
67689,1,0.0023231623267394954,0.9999999379148776
112805,0,0.0038244833439267808,1.0000000309067572
49680,0,0.002550912911214397,1.000000039662948
113466,0,0.0028895806206370002,0.9999999766411489
118285,0,0.005730245984379375,0.9999999785351972
7407,1,0.002631674240722588,1.0000000397652378
11570,1,0.001926734293943221,0.9999999786144717
109892,0,0.0006462031557728052,1.0000000298140022
41149,0,0.00036829785714047883,0.9999999576515853
17988,0,0.0011695103004128338,1.000000006057039
48639,1,0.00022341643448714715,0.9999999489488367
69054,1,0.003075369179754187,0.9999999584314581
33881,0,0.001325022200004762,0.9999999808267725
101169,0,0.007345826954777488,1.0000000321094729
69597,1,0.0022518471900497736,0.999999940140665
23149,0,0.0023967313911954784,0.9999999456397808
31561,0,0.0020507436161568606,1.000000028051143
54630,1,0.002472622943003016,1.0000000330111785
92358,0,0.0027149861050945762,0.9999999947993038
13544,1,0.0006878511561755446,1.0000000101852196
55901,1,0.0008295890015896191,0.9999999851304004
107525,0,0.002182716953960533,1.0000000011646122
111474,0,0.0015978451647420651,1.0000000176565358
10485,1,0.0035936023996747954,1.0000000051124722
80607,0,0.0010322309782936526,0.999999991505182
13130,1,0.0010005044957413633,1.000000029260898
36292,0,0.0028009272903275605,0.9999999853458169
21593,0,0.006692851264816554,0.999999999910228
83936,0,0.0014550627830884635,0.9999999687194807
8136,0,0.0006878511561755446,1.0000000101852196
115402,0,0.0014550627830884635,0.9999999687194807
27061,0,0.003483424138929746,1.0000000266632039
32333,0,0.0037072529053448575,1.0000000487914342
47761,1,0.0023231623267394954,0.9999999379148776
82991,0,0.0018675662743252222,0.9999999516670156
96953,0,0.0011695103004128338,1.000000006057039
53972,1,0.0029810329339968827,0.9999999389302892
2081,0,0.0029810329339968827,0.9999999389302892
20183,0,0.0013670255069146825,1.0000000165623952
47315,1,0.0003353500316799018,1.0000000075909845
12845,1,0.0021157029409860713,1.000000051242155
3051,1,0.0032730656975854832,0.9999999556123845
46226,0,0.0021157029409860713,1.000000051242155
116297,0,0.001325022200004762,0.9999999808267725
33487,0,0.0008830457137489357,1.000000008496136
16798,0,0.001987774066425167,0.9999999844245672
37785,0,0.001987774066425167,0.9999999844245672
117998,0,0.0035936023996747954,1.0000000051124722
19956,0,0.0022518471900497736,0.999999940140665
107484,0,0.005730245984379375,0.9999999785351972
42546,0,0.0014550627830884635,0.9999999687194807
111944,0,0.005730245984379375,0.9999999785351972
114409,0,0.0028009272903275605,0.9999999853458169
50791,1,0.0038244833439267808,1.0000000309067572
2152,0,0.0023231623267394954,0.9999999379148776
11176,1,0.0028895806206370002,0.9999999766411489
44947,1,0.0009399439131311984,1.0000000284860915
90346,0,0.0008830457137489357,1.000000008496136
100938,0,0.007577241922677275,0.9999999784749916
116319,0,0.005060332552440032,1.0000000054901312
76623,0,0.0009110513587503458,1.0000000502487847
89259,0,0.0038244833439267808,1.0000000309067572
84982,0,0.0005527785524441058,0.9999999531988453
103655,0,0.005060332552440032,1.0000000054901312
56419,1,0.0004173158237957614,1.000000019100035
68741,1,0.0006263341098699961,1.0000000433800846
12747,1,0.0006263341098699961,1.0000000433800846
71753,1,0.0005193049800551674,0.9999999415560016
16508,0,0.0015487614480278714,1.0000000124985304
106179,0,0.0028009272903275605,0.9999999853458169
58295,1,0.001987774066425167,0.9999999844245672
83888,0,0.0016484828588918183,1.000000036942309
94271,0,0.005554925104976847,0.9999999267517203
38480,0,0.0023967313911954784,0.9999999456397808
81257,0,0.0015011819937681247,0.9999999714487824
55952,1,0.0035936023996747954,1.0000000051124722
104752,0,0.005220125635523485,1.000000044620838
74069,1,0.0008295890015896191,0.9999999851304004
83840,0,0.0028895806206370002,0.9999999766411489
36999,0,0.0006667021610602238,1.0000000517329242
42938,1,0.0008295890015896191,0.9999999851304004
101003,0,0.008061990984583519,0.9999999449506745
110106,0,0.004755200222770245,1.0000000117997783
47965,1,0.0053849370015672145,0.9999999633360379
24143,0,0.0006070754685282924,0.9999999537339795
66284,1,0.003945406039842732,0.9999999479201375
18884,1,0.0044683841359893966,0.9999999719504893
86919,0,0.0038244833439267808,1.0000000309067572
84542,0,0.004070137783849419,1.0000000383608847
34450,0,0.0006070754685282924,0.9999999537339795
32911,0,0.0015011819937681247,0.9999999714487824
82752,1,0.0005357805252560689,0.9999999835883269
43413,0,0.00036829785714047883,0.9999999576515853
98278,0,0.00857748525531428,0.999999962128762
99226,0,0.0010649624483902006,1.0000000091213148
109876,0,0.0018102108585498632,0.9999999628520259
77237,1,0.009125636757578982,0.9999999290921061
49039,1,0.0003353500316799018,1.0000000075909845
48153,1,0.0007793661347695177,0.9999999876355288
101573,0,0.007577241922677275,0.9999999784749916
9056,1,0.002182716953960533,1.0000000011646122
93758,0,0.0023967313911954784,0.9999999456397808
25528,0,0.0021157029409860713,1.000000051242155
84645,0,0.0035936023996747954,1.0000000051124722
41045,0,0.005220125635523485,1.000000044620838
79975,0,0.009412590343086962,0.999999976340415
28281,0,0.0022518471900497736,0.999999940140665
94691,0,0.004905405360218095,0.9999999255206484
14737,1,0.0002868540364001373,0.9999999995797564
20803,0,0.0035936023996747954,1.0000000051124722
34687,0,0.0028009272903275605,0.9999999853458169
96308,0,0.005554925104976847,0.9999999267517203
65044,1,0.003945406039842732,0.9999999479201375
112206,0,0.009125636757578982,0.9999999290921061
45864,0,0.005220125635523485,1.000000044620838
107416,0,0.004755200222770245,1.0000000117997783
37903,0,0.0028895806206370002,0.9999999766411489
32185,0,0.0006263341098699961,1.0000000433800846
3379,0,0.001987774066425167,0.9999999844245672
4969,0,0.001410358436282299,0.9999999587804097
117056,0,0.0007096703049020562,1.0000000445413926
42972,1,0.0004305570927227883,1.0000000393706996
92436,0,0.0016484828588918183,1.000000036942309
73605,1,0.0027149861050945762,0.9999999947993038
69664,1,0.0005193049800551674,0.9999999415560016
8337,1,0.001987774066425167,0.9999999844245672
80104,1,0.003075369179754187,0.9999999584314581
5532,1,0.00048785718098195605,1.0000000524543657
58377,1,0.0007554055970964759,0.9999999513703358
59443,1,0.004198795588833998,0.9999999482969849
59336,1,0.0021157029409860713,1.000000051242155
37974,0,0.004905404780589826,1.0000000436817893
89264,0,0.006903836628141824,1.0000000217724625
16009,0,0.006289901135666448,0.9999999399788999
383,0,0.0017007221768206937,0.9999999995768329
7214,0,0.0008295890015896191,0.9999999851304004
25771,0,0.005060332552440032,1.0000000054901312
15085,1,0.005060332552440032,1.0000000054901312
55621,1,0.0014550627830884635,0.9999999687194807
26525,0,0.001410358436282299,0.9999999587804097
110914,0,0.0021157029409860713,1.000000051242155
20586,0,0.0018675662743252222,0.9999999516670156
108629,0,0.008847354846091981,0.9999999379678581
75164,1,0.00048785700656739725,0.9999999331287849
53530,1,0.0015011819937681247,0.9999999714487824
21597,0,0.0023231623267394954,0.9999999379148776
77075,0,0.0021157029409860713,1.000000051242155
24655,0,0.005554924449029013,1.000000044835735
73767,1,0.001926734293943221,0.9999999786144717
29658,0,0.002631674240722588,1.0000000397652378
71075,1,0.0017546144219260113,0.9999999575550611
26061,0,0.00712142895975136,1.0000000417736803
49382,1,0.0032730656975854832,0.9999999556123845
113669,0,0.0009697518580996581,0.9999999719686026
89571,0,0.00337661276801696,1.0000000056416865
2725,0,0.0032730656975854832,0.9999999556123845
51647,1,0.0006878511561755446,1.0000000101852196
40265,1,0.0018102108585498632,0.9999999628520259
26416,0,0.003075369179754187,0.9999999584314581
104449,0,0.0023967313911954784,0.9999999456397808
108111,0,0.00337661276801696,1.0000000056416865
53942,1,0.004755200222770245,1.0000000117997783
22060,0,0.00337661276801696,1.0000000056416865
19051,0,0.0012065896955511597,0.9999999803798229
61101,1,0.0012843081308850904,1.000000049038127
44883,1,0.00035697061228301934,0.9999999470764586
55147,1,0.0016484828588918183,1.000000036942309
18222,0,0.003075369179754187,0.9999999584314581
108209,0,0.001410358436282299,0.9999999587804097
87410,0,0.0010987313252676443,0.9999999958031094
97753,0,0.0035936023996747954,1.0000000051124722
86463,0,0.007577241922677275,0.9999999784749916
62826,1,0.0005357805252560689,0.9999999835883269
29350,0,0.002472622943003016,1.0000000330111785
85958,0,0.009125636757578982,0.9999999290921061
109650,0,0.001410358436282299,0.9999999587804097
65537,1,0.0003459915412409113,1.0000000467091383
32034,0,0.002550912911214397,1.000000039662948
38312,0,0.0016484828588918183,1.000000036942309
11510,1,0.0012843081308850904,1.000000049038127
86547,0,0.0052201262521444506,0.9999999264970681
112572,0,0.0027149861050945762,0.9999999947993038
44854,0,0.00037998453259431635,0.9999999705563407
105626,0,0.006903836628141824,1.0000000217724625
38723,0,0.0014550627830884635,0.9999999687194807
1946,1,0.0013670255069146825,1.0000000165623952
89432,0,0.009125636757578982,0.9999999290921061
78927,0,0.003075369179754187,0.9999999584314581
22302,0,0.002472622943003016,1.0000000330111785
1804,0,0.0009110513587503458,1.0000000502487847
75724,1,0.0018102108585498632,0.9999999628520259
95622,0,0.006289901135666448,0.9999999399788999
46538,0,0.0035936023996747954,1.0000000051124722
94646,0,0.0028895806206370002,0.9999999766411489
45599,0,0.006488270281051803,1.0000000003816125
28567,0,0.0028895806206370002,0.9999999766411489
74338,1,0.0008830457137489357,1.000000008496136
114687,0,0.0037072529053448575,1.0000000487914342
5002,1,0.0010005044957413633,1.000000029260898
17293,0,0.0006462031557728052,1.0000000298140022
1410,1,0.0016484828588918183,1.000000036942309
70044,1,0.0008295890015896191,0.9999999851304004
112673,0,0.0018675662743252222,0.9999999516670156
109872,0,0.006097561309262689,0.9999999828768475
19273,0,0.001926734293943221,0.9999999786144717
12891,1,0.0006667021610602238,1.0000000517329242
9089,1,0.0010322309782936526,0.999999991505182
10376,1,0.0001488384986630124,0.9999999682621226
101405,0,0.005554925104976847,0.9999999267517203
79556,1,0.0038244833439267808,1.0000000309067572
8625,1,0.0005884089269625609,0.999999980710548
69784,1,0.0009697518580996581,0.9999999719686026
116011,0,0.004905404780589826,1.0000000436817893
20592,0,0.010986941578116865,1.000000000523565
65260,1,0.0003920418525378508,0.9999999970507341
72606,1,0.0015978451647420651,1.0000000176565358
36417,0,0.003483424138929746,1.0000000266632039
29289,0,0.01971912627106822,0.9999999415249355
38328,0,0.006289901135666448,0.9999999399788999
42770,1,0.0002868540364001373,0.9999999995797564
89361,0,0.0011335688164599627,0.9999999827825015
55537,1,0.0020507436161568606,1.000000028051143
24764,0,0.0017007221768206937,0.9999999995768329
77400,0,0.0032730656975854832,0.9999999556123845
102735,0,0.0017007221768206937,0.9999999995768329
79735,0,0.007345826954777488,1.0000000321094729
106597,0,0.005060332552440032,1.0000000054901312
117539,0,0.0012065896955511597,0.9999999803798229
18781,0,0.00337661276801696,1.0000000056416865
58492,1,0.0009110513587503458,1.0000000502487847
50914,1,0.0009110513587503458,1.0000000502487847
19608,0,0.002631674240722588,1.0000000397652378
55787,1,0.002472622943003016,1.0000000330111785
71339,1,0.0028009272903275605,0.9999999853458169
93408,0,0.0008559005270359918,0.9999999957725794
27208,0,0.004198795588833998,0.9999999482969849
21682,0,0.0010322309782936526,0.999999991505182
6992,1,0.001926734293943221,0.9999999786144717
70207,1,0.0010005044957413633,1.000000029260898
117207,0,0.0032730656975854832,0.9999999556123845
75807,1,0.001987774066425167,0.9999999844245672
32742,0,0.005220125635523485,1.000000044620838
96255,0,0.005060332552440032,1.0000000054901312
48794,1,0.000804085962940771,0.9999999511342968
24275,0,0.0038244833439267808,1.0000000309067572
18083,0,0.0053849370015672145,0.9999999633360379
59084,1,0.007345826954777488,1.0000000321094729
29491,0,0.002182716953960533,1.0000000011646122
39310,0,0.0006878511561755446,1.0000000101852196
65921,1,0.001410358436282299,0.9999999587804097
53042,1,0.0007321813269898655,0.9999999383370979
92459,0,0.002550912911214397,1.000000039662948
79125,0,0.0053849370015672145,0.9999999633360379
44439,1,0.0006070754685282924,0.9999999537339795
28508,0,0.0004583129617247757,1.0000000441564276
73479,1,0.0010322309782936526,0.999999991505182
116553,0,0.0006878511561755446,1.0000000101852196
26607,0,0.006097561309262689,0.9999999828768475
23064,0,0.0008830457137489357,1.000000008496136
114826,0,0.0009697518580996581,0.9999999719686026
45936,1,0.0004442183150875949,1.0000000034980199
75645,1,0.0016484828588918183,1.000000036942309
64910,1,0.00036829785714047883,0.9999999576515853
109441,0,0.002182716953960533,1.0000000011646122
31281,0,0.005911069753745469,0.9999999401541151
21107,0,0.00831578015177299,0.9999999737971101
107817,0,0.0010987313252676443,0.9999999958031094
25815,0,0.001410358436282299,0.9999999587804097
11344,1,0.0022518471900497736,0.999999940140665
41311,0,0.0005703158181576563,0.9999999863896244
30697,0,0.009125635688067147,1.00000004629071
73086,1,0.0020507436161568606,1.000000028051143
53515,1,0.005730245984379375,0.9999999785351972
5909,0,0.0005884089269625609,0.999999980710548
42898,0,0.0044683841359893966,0.9999999719504893
59743,1,0.0008559005270359918,0.9999999957725794
88803,0,0.0013670255069146825,1.0000000165623952
74200,1,0.0008295890015896191,0.9999999851304004
46730,1,0.0010987313252676443,0.9999999958031094
45310,1,0.0023231623267394954,0.9999999379148776
99592,0,0.0015011819937681247,0.9999999714487824
50993,1,0.0002694790494263197,1.000000019483336
38905,0,0.000804085962940771,0.9999999511342968
15403,0,0.0006462031557728052,1.0000000298140022
106857,0,0.0020507436161568606,1.000000028051143
96283,0,0.002472622943003016,1.0000000330111785
107837,0,0.0027149861050945762,0.9999999947993038
16301,0,0.004609572905819922,0.999999996197946
27555,0,0.004198795588833998,0.9999999482969849
19811,0,0.003075369179754187,0.9999999584314581
34564,0,0.0009697518580996581,0.9999999719686026
63745,1,0.0016484828588918183,1.000000036942309
20341,0,0.0038244833439267808,1.0000000309067572
4881,0,0.00037998453259431635,0.9999999705563407
112890,0,0.0044683841359893966,0.9999999719504893
118266,0,0.0023967313911954784,0.9999999456397808
4918,1,0.0016484828588918183,1.000000036942309
16688,1,0.0022518471900497736,0.999999940140665
57217,1,0.007577241922677275,0.9999999784749916
52824,1,0.0023231623267394954,0.9999999379148776
113838,0,0.0020507436161568606,1.000000028051143
106704,0,0.006289901135666448,0.9999999399788999
80120,0,0.0038244833439267808,1.0000000309067572
44676,1,0.000804085962940771,0.9999999511342968
63087,1,0.0008559005270359918,0.9999999957725794
46466,1,0.003945406039842732,0.9999999479201375
2929,0,0.0014550627830884635,0.9999999687194807
81547,0,0.005554924449029013,1.000000044835735
71232,1,0.0014550627830884635,0.9999999687194807
70462,1,0.0007793661347695177,0.9999999876355288
44834,0,0.00037998453259431635,0.9999999705563407
80717,1,0.0006263341098699961,1.0000000433800846
22846,0,0.006692851264816554,0.999999999910228
14167,0,0.010328154175697756,0.9999999990072629
11408,1,0.0013670255069146825,1.0000000165623952
5922,1,0.0020507436161568606,1.000000028051143
44427,1,0.0006070754685282924,0.9999999537339795
89971,0,0.0021157029409860713,1.000000051242155
88193,0,0.0012448435228145033,0.9999999427935407
55076,1,0.0021157029409860713,1.000000051242155
115871,0,0.0007321813269898655,0.9999999383370979
73755,1,0.001926734293943221,0.9999999786144717
44371,0,0.0003459915412409113,1.0000000467091383
79652,0,0.0012843081308850904,1.000000049038127
60245,1,0.0005884089269625609,0.999999980710548
31537,0,0.0020507436161568606,1.000000028051143
37447,0,0.010328154175697756,0.9999999990072629
70705,1,0.0007321813269898655,0.9999999383370979
2300,1,0.0005703158181576563,0.9999999863896244
93348,0,0.004070137783849419,1.0000000383608847
53741,1,0.005060332552440032,1.0000000054901312
9460,1,0.004755200222770245,1.0000000117997783
9282,1,0.0007554055970964759,0.9999999513703358
69131,1,0.000503335511703203,1.0000000489065606
30870,0,0.0007554055970964759,0.9999999513703358
17858,0,0.0037072529053448575,1.0000000487914342
58939,1,0.006097561309262689,0.9999999828768475
30941,0,0.0020507436161568606,1.000000028051143
51036,1,0.0002694790494263197,1.000000019483336
97434,0,0.0017546144219260113,0.9999999575550611
57036,1,0.0009697518580996581,0.9999999719686026
45748,0,0.001926734293943221,0.9999999786144717
38843,0,0.0011335688164599627,0.9999999827825015
86622,0,0.0015011819937681247,0.9999999714487824
112019,0,0.0015978451647420651,1.0000000176565358
6473,1,0.0006878511561755446,1.0000000101852196
40916,1,0.0052201262521444506,0.9999999264970681
100361,0,0.0022518471900497736,0.999999940140665
56030,1,0.0028009272903275605,0.9999999853458169
93505,0,0.0022518471900497736,0.999999940140665
69303,1,0.0006667021610602238,1.0000000517329242
62355,1,0.0038244833439267808,1.0000000309067572
70274,1,0.0006070754685282924,0.9999999537339795
90435,0,0.0002453695608827486,0.9999999778641984
90793,0,0.0012065896955511597,0.9999999803798229
79666,0,0.0012065896955511597,0.9999999803798229
17920,0,0.0027149861050945762,0.9999999947993038
118837,0,0.0008559005270359918,0.9999999957725794
52674,1,0.0038244833439267808,1.0000000309067572
110383,0,0.0044683841359893966,0.9999999719504893
96448,0,0.004198795588833998,0.9999999482969849
20827,0,0.012431653620200813,1.000000001689656
45536,1,0.0010987313252676443,0.9999999958031094
920,1,0.0006878511561755446,1.0000000101852196
26839,0,0.0004173158237957614,1.000000019100035
12456,1,0.0018102108585498632,0.9999999628520259
46707,0,0.010652509838571621,0.9999999864246554
4120,1,0.0018675662743252222,0.9999999516670156
79329,0,0.0006667021610602238,1.0000000517329242
112567,0,0.0035936023996747954,1.0000000051124722
63742,1,0.0012065896955511597,0.9999999803798229
114777,0,0.004070137783849419,1.0000000383608847
75405,1,0.0006263341098699961,1.0000000433800846
75483,1,0.0004305570927227883,1.0000000393706996
109260,0,0.004198795588833998,0.9999999482969849
69168,1,0.004198795588833998,0.9999999482969849
33307,0,0.0021157029409860713,1.000000051242155
51815,0,0.0008830457137489357,1.000000008496136
112209,0,0.0011335688164599627,0.9999999827825015
39328,0,0.00433150297248697,1.0000000417343247
5561,0,0.00048785718098195605,1.0000000524543657
86583,0,0.0003920418525378508,0.9999999970507341
80316,1,0.0002694790494263197,1.000000019483336
25748,0,0.009708474753363424,1.0000000007435899
95906,0,0.004609572905819922,0.999999996197946
92386,0,0.0028895806206370002,0.9999999766411489
48916,0,0.0035936023996747954,1.0000000051124722
43754,1,0.00036829785714047883,0.9999999576515853
77039,0,0.008061990984583519,0.9999999449506745
102216,0,0.0023967313911954784,0.9999999456397808
46400,1,0.00337661276801696,1.0000000056416865
68135,1,0.0015978451647420651,1.0000000176565358
106644,0,0.005911069753745469,0.9999999401541151
12191,1,0.0017546144219260113,0.9999999575550611
73793,1,0.0020507436161568606,1.000000028051143
38048,0,0.008061990984583519,0.9999999449506745
14826,1,0.0007096703049020562,1.0000000445413926
8629,1,0.0005884089269625609,0.999999980710548
118014,0,0.003483424138929746,1.0000000266632039
12950,1,0.0007096703049020562,1.0000000445413926
5930,0,0.0013670255069146825,1.0000000165623952
115253,0,0.008847354846091981,0.9999999379678581
45079,1,0.0010322309782936526,0.999999991505182
103407,0,0.0031726830692822713,1.000000012164825
95402,0,0.0015978451647420651,1.0000000176565358
17888,0,0.002182716953960533,1.0000000011646122
51406,1,0.0015978451647420651,1.0000000176565358
55522,1,0.0022518471900497736,0.999999940140665
113983,0,0.0023967313911954784,0.9999999456397808
35135,0,0.0027149861050945762,0.9999999947993038
105530,0,0.0011695103004128338,1.000000006057039
94400,0,0.004905404780589826,1.0000000436817893
28408,0,0.0004044815611496185,1.0000000488971186
46755,0,0.0007793661347695177,0.9999999876355288
77848,0,0.001410358436282299,0.9999999587804097
45529,0,0.0015487614480278714,1.0000000124985304
31836,0,0.002472622943003016,1.0000000330111785
69481,1,0.0007096703049020562,1.0000000445413926
76824,1,0.0004044815611496185,1.0000000488971186
34692,0,0.0038244833439267808,1.0000000309067572
115413,0,0.0012843081308850904,1.000000049038127
26039,0,0.003075369179754187,0.9999999584314581
52721,1,0.001987774066425167,0.9999999844245672
69256,1,0.0013670255069146825,1.0000000165623952
99491,0,0.0017007221768206937,0.9999999995768329
63418,1,0.0010987313252676443,0.9999999958031094
9073,1,0.0037072529053448575,1.0000000487914342
53883,1,0.00030534899065814974,1.0000000280436612
108178,0,0.0010322309782936526,0.999999991505182
60940,1,0.0029810329339968827,0.9999999389302892
7184,1,0.0044683841359893966,0.9999999719504893
41181,1,0.0005357805252560689,0.9999999835883269
69223,1,0.0004173158237957614,1.000000019100035
103951,0,0.004070137783849419,1.0000000383608847
32081,0,0.0029810329339968827,0.9999999389302892
58157,1,0.0031726830692822713,1.000000012164825
54007,1,0.003945406039842732,0.9999999479201375
64032,1,0.0052201262521444506,0.9999999264970681
59517,1,0.005911069753745469,0.9999999401541151
36254,0,0.0003459915412409113,1.0000000467091383
86992,0,0.0007793661347695177,0.9999999876355288
68414,1,0.0038244833439267808,1.0000000309067572
13900,0,0.005730245984379375,0.9999999785351972
12612,1,0.004905404780589826,1.0000000436817893
57280,0,0.0016484828588918183,1.000000036942309
23588,0,0.002550912911214397,1.000000039662948
55177,1,0.0011695103004128338,1.000000006057039
110946,0,0.00857748525531428,0.999999962128762
8286,1,0.0015011819937681247,0.9999999714487824
118817,0,0.0016484828588918183,1.000000036942309
111947,0,0.006692851264816554,0.999999999910228
64926,1,0.0002694790494263197,1.000000019483336
100874,0,0.007577241922677275,0.9999999784749916
91015,0,0.0010649624483902006,1.0000000091213148
60779,1,0.00831578015177299,0.9999999737971101
75987,1,0.0012448435228145033,0.9999999427935407
107323,0,0.0023967313911954784,0.9999999456397808
83266,0,0.0009399439131311984,1.0000000284860915
67503,1,0.0006878511561755446,1.0000000101852196
9174,1,0.0004305570927227883,1.0000000393706996
21702,0,0.004609572905819922,0.999999996197946
98801,0,0.002550912911214397,1.000000039662948
1029,0,0.005911069753745469,0.9999999401541151
44127,0,0.009412590343086962,0.999999976340415
12801,1,0.0018675662743252222,0.9999999516670156
21961,0,0.0017007221768206937,0.9999999995768329
102892,0,0.001325022200004762,0.9999999808267725
887,1,0.0031726830692822713,1.000000012164825
45950,0,0.0017007221768206937,0.9999999995768329
15150,1,0.0017007221768206937,0.9999999995768329
31299,0,0.003945406039842732,0.9999999479201375
31419,0,0.005554924449029013,1.000000044835735
35518,0,0.0016484828588918183,1.000000036942309
3192,0,0.0013670255069146825,1.0000000165623952
16128,0,0.0031726830692822713,1.000000012164825
80686,1,0.0004173158237957614,1.000000019100035
60596,1,0.0007321813269898655,0.9999999383370979
53033,1,0.0007321813269898655,0.9999999383370979
99848,0,0.006097561309262689,0.9999999828768475
25683,0,0.0018675662743252222,0.9999999516670156
54784,1,0.0008295890015896191,0.9999999851304004
44805,0,0.0017546144219260113,0.9999999575550611
41254,1,0.0003459915412409113,1.0000000467091383
112808,0,0.0013670255069146825,1.0000000165623952
118096,0,0.0008559005270359918,0.9999999957725794
101149,0,0.0038244833439267808,1.0000000309067572
94317,0,0.0032730656975854832,0.9999999556123845
21534,0,0.005554924449029013,1.000000044835735
111300,0,0.0022518471900497736,0.999999940140665
80197,0,0.0021157029409860713,1.000000051242155
92095,0,0.0010987313252676443,0.9999999958031094
116743,0,0.0015487614480278714,1.0000000124985304
98948,0,0.001926734293943221,0.9999999786144717
55934,1,0.0023231623267394954,0.9999999379148776
71593,1,0.0006667021610602238,1.0000000517329242
58840,1,0.001410358436282299,0.9999999587804097
100570,0,0.009708474753363424,1.0000000007435899
110370,0,0.0007321813269898655,0.9999999383370979
19911,0,0.0020507436161568606,1.000000028051143
96755,0,0.0038244833439267808,1.0000000309067572
96814,0,0.0016484828588918183,1.000000036942309
32849,0,0.0009110513587503458,1.0000000502487847
72186,1,0.005554925104976847,0.9999999267517203
67633,1,0.003945406039842732,0.9999999479201375
37037,0,0.0032730656975854832,0.9999999556123845
107924,0,0.0071214297960611106,0.9999999243380234
113472,0,0.003945406039842732,0.9999999479201375
50228,1,0.0031726830692822713,1.000000012164825
5768,1,0.0014550627830884635,0.9999999687194807
35161,0,0.00433150297248697,1.0000000417343247
81274,0,0.0031726830692822713,1.000000012164825
76533,1,0.0014550627830884635,0.9999999687194807
46978,1,0.0012843081308850904,1.000000049038127
82237,0,0.002550912911214397,1.000000039662948
100447,0,0.0032730656975854832,0.9999999556123845
27873,0,0.00337661276801696,1.0000000056416865
119087,0,0.0006462031557728052,1.0000000298140022
87530,0,0.0010005044957413633,1.000000029260898
100490,0,0.0038244833439267808,1.0000000309067572
108770,0,0.0014550627830884635,0.9999999687194807
4829,1,0.00433150297248697,1.0000000417343247
46528,0,0.0031726830692822713,1.000000012164825
69663,1,0.0004728544379729081,0.9999999365028902
86248,0,0.0023231623267394954,0.9999999379148776
45321,1,0.001987774066425167,0.9999999844245672
111344,0,0.0037072529053448575,1.0000000487914342
118847,0,0.00831578015177299,0.9999999737971101
80035,1,0.0002531564847248405,1.0000000200465486
89727,0,0.0012065896955511597,0.9999999803798229
61303,1,0.0012065896955511597,0.9999999803798229
14892,1,0.002182716953960533,1.0000000011646122
70148,1,0.0004583129617247757,1.0000000441564276
43574,0,0.0035936023996747954,1.0000000051124722
69276,1,0.0007554055970964759,0.9999999513703358
68890,1,0.0029810329339968827,0.9999999389302892
32063,0,0.005911069753745469,0.9999999401541151
77426,0,0.004905405360218095,0.9999999255206484
36977,0,0.0032730656975854832,0.9999999556123845
84031,0,0.001926734293943221,0.9999999786144717
98517,0,0.0053849370015672145,0.9999999633360379
48987,0,0.0028895806206370002,0.9999999766411489
116052,0,0.0009697518580996581,0.9999999719686026
99225,0,0.0028895806206370002,0.9999999766411489
118811,0,0.0022518471900497736,0.999999940140665
40353,0,0.0004173158237957614,1.000000019100035
117701,0,0.0010649624483902006,1.0000000091213148
118205,0,0.004755200222770245,1.0000000117997783
105433,0,0.0013670255069146825,1.0000000165623952
44125,0,0.002472622943003016,1.0000000330111785
66909,1,0.0017546144219260113,0.9999999575550611
80508,1,0.0007096703049020562,1.0000000445413926
80469,0,0.0021157029409860713,1.000000051242155
102841,0,0.0020507436161568606,1.000000028051143
112983,0,0.001325022200004762,0.9999999808267725
33313,0,0.001987774066425167,0.9999999844245672
40944,1,0.004070137783849419,1.0000000383608847
105407,0,0.0031726830692822713,1.000000012164825
103731,0,0.001410358436282299,0.9999999587804097
15756,1,0.0009399439131311984,1.0000000284860915
94893,0,0.0023231623267394954,0.9999999379148776
25065,0,0.0044683841359893966,0.9999999719504893
59498,1,0.0015487614480278714,1.0000000124985304
38339,0,0.0005527785524441058,0.9999999531988453
117066,0,0.002550912911214397,1.000000039662948
6003,1,0.0022518471900497736,0.999999940140665
17450,0,0.0014550627830884635,0.9999999687194807
115924,0,0.0012448435228145033,0.9999999427935407
108705,0,0.0017007221768206937,0.9999999995768329
56157,0,0.0008295890015896191,0.9999999851304004
104262,0,0.0018675662743252222,0.9999999516670156
29722,0,0.004609572905819922,0.999999996197946
44345,0,0.006488270281051803,1.0000000003816125
31572,0,0.0015011819937681247,0.9999999714487824
12375,1,0.0006462031557728052,1.0000000298140022
14049,0,0.0028009272903275605,0.9999999853458169
30684,0,0.0007321813269898655,0.9999999383370979
114621,0,0.0014550627830884635,0.9999999687194807
27831,0,0.0023231623267394954,0.9999999379148776
22221,0,0.0010987313252676443,0.9999999958031094
7689,1,0.000804085962940771,0.9999999511342968
63670,1,0.0015011819937681247,0.9999999714487824
46185,0,0.0028895806206370002,0.9999999766411489
48976,1,0.000185225784241119,1.0000000088614014
3129,0,0.0007554055970964759,0.9999999513703358
56311,1,0.0006878511561755446,1.0000000101852196
10403,1,0.001926734293943221,0.9999999786144717
41861,0,0.0023967313911954784,0.9999999456397808
53894,1,0.0017546144219260113,0.9999999575550611
55345,1,0.0018675662743252222,0.9999999516670156
115229,0,0.0004442183150875949,1.0000000034980199
22061,0,0.004905404780589826,1.0000000436817893
40026,0,0.0007554055970964759,0.9999999513703358
6462,1,0.0006878511561755446,1.0000000101852196
38777,0,0.001926734293943221,0.9999999786144717
29852,0,0.004755200222770245,1.0000000117997783
91741,0,0.0008295890015896191,0.9999999851304004
51937,0,0.002182716953960533,1.0000000011646122
101151,0,0.0028895806206370002,0.9999999766411489
109939,0,0.001410358436282299,0.9999999587804097
7320,1,0.0017546144219260113,0.9999999575550611
39985,0,0.0003353500316799018,1.0000000075909845
96992,0,0.004609572905819922,0.999999996197946
44435,1,0.0006070754685282924,0.9999999537339795
26709,0,0.0007096703049020562,1.0000000445413926
1015,1,0.0012065896955511597,0.9999999803798229
61670,1,0.003483424138929746,1.0000000266632039
65678,1,0.003075369179754187,0.9999999584314581
81459,0,0.0011335688164599627,0.9999999827825015
112762,0,0.0012448435228145033,0.9999999427935407
71243,1,0.0017546144219260113,0.9999999575550611
73238,1,0.002631674240722588,1.0000000397652378
29464,0,0.005730245984379375,0.9999999785351972
53917,1,0.0015978451647420651,1.0000000176565358
27209,0,0.00433150297248697,1.0000000417343247
45018,1,0.0009399439131311984,1.0000000284860915
96406,0,0.003483424138929746,1.0000000266632039
113428,0,0.0035936023996747954,1.0000000051124722
36858,0,0.0015011819937681247,0.9999999714487824
106612,0,0.002182716953960533,1.0000000011646122
46144,0,0.0028009272903275605,0.9999999853458169
46850,1,0.002631674240722588,1.0000000397652378
102444,0,0.006289901135666448,0.9999999399788999
70687,1,0.0007321813269898655,0.9999999383370979
1222,1,0.00337661276801696,1.0000000056416865
36210,0,0.0028009272903275605,0.9999999853458169
62612,1,0.00035697061228301934,0.9999999470764586
54045,1,0.0004442183150875949,1.0000000034980199
112424,0,0.0007096703049020562,1.0000000445413926
30319,0,0.0053849370015672145,0.9999999633360379
64023,1,0.0011335688164599627,0.9999999827825015
18455,0,0.0032730656975854832,0.9999999556123845
59139,1,0.0007321813269898655,0.9999999383370979
66101,1,0.0010322309782936526,0.999999991505182
19100,0,0.0035936023996747954,1.0000000051124722
17306,0,0.0006667021610602238,1.0000000517329242
117700,0,0.001926734293943221,0.9999999786144717
11964,1,0.010986941578116865,1.000000000523565
45425,0,0.001926734293943221,0.9999999786144717
45506,1,0.001926734293943221,0.9999999786144717
100993,0,0.003483424138929746,1.0000000266632039
71514,1,0.0023231623267394954,0.9999999379148776
69169,1,0.0012448435228145033,0.9999999427935407
32496,0,0.0003250358280631563,0.9999999385743207
69721,1,0.0007096703049020562,1.0000000445413926
12158,1,0.0031726830692822713,1.000000012164825
7938,1,0.001926734293943221,0.9999999786144717
28719,0,0.00337661276801696,1.0000000056416865
93274,0,0.003075369179754187,0.9999999584314581
12126,1,0.0035936023996747954,1.0000000051124722
73108,1,0.0053849370015672145,0.9999999633360379
55626,1,0.0008559005270359918,0.9999999957725794
73507,1,0.005911069753745469,0.9999999401541151
34500,0,0.0005357805252560689,0.9999999835883269
17688,0,0.0021157029409860713,1.000000051242155
69365,1,0.0006667021610602238,1.0000000517329242
30310,0,0.0028009272903275605,0.9999999853458169
80348,1,0.0002694790494263197,1.000000019483336
29736,0,0.0021157029409860713,1.000000051242155
38234,0,0.006488270281051803,1.0000000003816125
76243,1,0.007577241922677275,0.9999999784749916
53080,1,0.0007096703049020562,1.0000000445413926
30311,0,0.0003920418525378508,0.9999999970507341
31679,0,0.0032730656975854832,0.9999999556123845
100619,0,0.011687255295588348,0.9999999017268896
42407,0,0.0022518471900497736,0.999999940140665
94200,0,0.004905405360218095,0.9999999255206484
116737,0,0.0028009272903275605,0.9999999853458169
70994,1,0.006692851264816554,0.999999999910228
88924,0,0.0028895806206370002,0.9999999766411489
72684,1,0.002550912911214397,1.000000039662948
52989,1,0.0007321813269898655,0.9999999383370979
108407,0,0.001410358436282299,0.9999999587804097
43054,0,0.0008830457137489357,1.000000008496136
64715,1,0.0013670255069146825,1.0000000165623952
79733,0,0.0020507436161568606,1.000000028051143
16343,0,0.001410358436282299,0.9999999587804097
88677,0,0.0013670255069146825,1.0000000165623952
41377,0,0.0017007221768206937,0.9999999995768329
84336,0,0.004198795588833998,0.9999999482969849
64246,1,0.006488270281051803,1.0000000003816125
22635,0,0.0015011819937681247,0.9999999714487824
28441,0,0.0028009272903275605,0.9999999853458169
88294,0,0.007815887019844698,0.9999999870547851
99636,0,0.001926734293943221,0.9999999786144717
83452,0,0.0010005044957413633,1.000000029260898
50192,0,0.004198795588833998,0.9999999482969849
3066,0,0.003075369179754187,0.9999999584314581
3585,1,0.0010987313252676443,0.9999999958031094
14161,0,0.0023231623267394954,0.9999999379148776
68383,1,0.0009399439131311984,1.0000000284860915
42837,0,0.0015487614480278714,1.0000000124985304
10698,1,0.0005193049800551674,0.9999999415560016
64279,1,0.001926734293943221,0.9999999786144717
39870,0,0.00433150297248697,1.0000000417343247
7852,1,0.0020507436161568606,1.000000028051143
91814,0,0.001926734293943221,0.9999999786144717
64197,1,0.0032730656975854832,0.9999999556123845
43880,1,0.0007554055970964759,0.9999999513703358
13491,1,0.0020507436161568606,1.000000028051143
82003,0,0.0015011819937681247,0.9999999714487824
105260,0,0.005554925104976847,0.9999999267517203
116986,0,0.0029810329339968827,0.9999999389302892
113903,0,0.0018102108585498632,0.9999999628520259
68942,1,0.001325022200004762,0.9999999808267725
73652,1,0.0023231623267394954,0.9999999379148776
90071,0,0.0009697518580996581,0.9999999719686026
8262,0,0.0021157031921723675,0.9999999325174157
69699,1,0.0011695103004128338,1.000000006057039
88499,0,0.0018102108585498632,0.9999999628520259
70887,1,0.002182716953960533,1.0000000011646122
79599,0,0.010013570327733817,0.9999999480904885
92385,0,0.0037072529053448575,1.0000000487914342
508,0,0.0012843081308850904,1.000000049038127
58323,1,0.002472622943003016,1.0000000330111785
88293,0,0.0015011819937681247,0.9999999714487824
72644,1,0.0012448435228145033,0.9999999427935407
37412,0,0.0032730656975854832,0.9999999556123845
20416,0,0.010986941578116865,1.000000000523565
39463,0,0.00433150297248697,1.0000000417343247
80140,0,0.0032730656975854832,0.9999999556123845
83997,0,0.0017546144219260113,0.9999999575550611
97635,0,0.0028895806206370002,0.9999999766411489
78877,0,0.0035936023996747954,1.0000000051124722
75480,1,0.0004305570927227883,1.0000000393706996
50193,1,0.0018675662743252222,0.9999999516670156
37792,0,0.002182716953960533,1.0000000011646122
70234,1,0.0021157029409860713,1.000000051242155
43761,1,0.00036829785714047883,0.9999999576515853
103423,0,0.006903836628141824,1.0000000217724625
74028,1,0.0006263341098699961,1.0000000433800846
9392,1,0.0021157029409860713,1.000000051242155
49222,0,0.0020507436161568606,1.000000028051143
69698,1,0.001410358436282299,0.9999999587804097
60851,1,0.000503335511703203,1.0000000489065606
50633,1,0.0016484828588918183,1.000000036942309
111156,0,0.0012065896955511597,0.9999999803798229
71411,1,0.002182716953960533,1.0000000011646122
58691,1,0.0012843081308850904,1.000000049038127
58474,1,0.0007554055970964759,0.9999999513703358
57004,1,0.002550912911214397,1.000000039662948
101412,0,0.0018675662743252222,0.9999999516670156
82676,1,0.00013982202428294624,1.0000000090825374
77730,0,0.0015487614480278714,1.0000000124985304
84328,0,0.001987774066425167,0.9999999844245672
31795,0,0.002631674240722588,1.0000000397652378
57203,1,0.0010005044957413633,1.000000029260898
19001,0,0.0022518471900497736,0.999999940140665
2958,1,0.001987774066425167,0.9999999844245672
84048,0,0.002631674240722588,1.0000000397652378
41368,0,0.0015011819937681247,0.9999999714487824
51601,1,0.0014550627830884635,0.9999999687194807
4946,0,0.0002694790494263197,1.000000019483336
107420,0,0.005911069753745469,0.9999999401541151
76017,1,0.0012843082836406087,0.999999930098206
94432,0,0.0007793661347695177,0.9999999876355288
81399,0,0.0006070754685282924,0.9999999537339795
101922,0,0.0038244833439267808,1.0000000309067572
9422,1,0.0004305570927227883,1.0000000393706996
82586,0,0.0028895806206370002,0.9999999766411489
96383,0,0.005730245984379375,0.9999999785351972
70409,1,0.005554925104976847,0.9999999267517203
44950,0,0.0004728543816584347,1.0000000555976305
38066,0,0.003483424138929746,1.0000000266632039
17573,0,0.0027149861050945762,0.9999999947993038
95678,0,0.0044683841359893966,0.9999999719504893
62595,1,0.00857748525531428,0.999999962128762
24507,0,0.0016484828588918183,1.000000036942309
104831,0,0.0015011819937681247,0.9999999714487824
101066,0,0.00831578015177299,0.9999999737971101
29637,0,0.003707253343925564,0.9999999304880198
66941,1,0.0031726830692822713,1.000000012164825
93282,0,0.008847354846091981,0.9999999379678581
5800,0,0.0005703158181576563,0.9999999863896244
15753,1,0.0009399439131311984,1.0000000284860915
16760,0,0.0017007221768206937,0.9999999995768329
96984,0,0.0017546144219260113,0.9999999575550611
38573,0,0.0014550627830884635,0.9999999687194807
114678,0,0.002631674240722588,1.0000000397652378
4474,1,0.0018675662743252222,0.9999999516670156
25071,0,0.0020507436161568606,1.000000028051143
4504,1,0.0018102108585498632,0.9999999628520259
105273,0,0.004070137783849419,1.0000000383608847
87828,0,0.007815887019844698,0.9999999870547851
92966,0,0.0038244833439267808,1.0000000309067572
79784,1,0.0002694790494263197,1.000000019483336
70570,1,0.0007321813269898655,0.9999999383370979
4597,0,0.0007321813269898655,0.9999999383370979
106726,0,0.0009697518580996581,0.9999999719686026
68615,1,0.0006070754685282924,0.9999999537339795
42564,0,0.005554925104976847,0.9999999267517203
74982,1,0.0005703158181576563,0.9999999863896244
44986,0,0.0004728543816584347,1.0000000555976305
118726,0,0.0023967313911954784,0.9999999456397808
85298,0,0.0016484828588918183,1.000000036942309
70959,1,0.0018102108585498632,0.9999999628520259
16045,0,0.006903836628141824,1.0000000217724625
52425,1,0.0008559005270359918,0.9999999957725794
109828,0,0.0011695103004128338,1.000000006057039
73116,1,0.0013670255069146825,1.0000000165623952
51135,1,0.005060332552440032,1.0000000054901312
83648,0,0.0015978451647420651,1.0000000176565358
1160,1,0.001987774066425167,0.9999999844245672
10363,1,0.001410358436282299,0.9999999587804097
31046,0,0.002182716953960533,1.0000000011646122
102621,0,0.005730245984379375,0.9999999785351972
46768,1,0.0009697518580996581,0.9999999719686026
37557,0,0.002631674240722588,1.0000000397652378
55233,1,0.0010649624483902006,1.0000000091213148
88681,0,0.00337661276801696,1.0000000056416865
38327,0,0.0014550627830884635,0.9999999687194807
80931,0,0.007345826954777488,1.0000000321094729
102140,0,0.001926734293943221,0.9999999786144717
16586,0,0.0017546144219260113,0.9999999575550611
53808,1,0.000315038828619097,0.9999999487533396
62231,1,0.0017007221768206937,0.9999999995768329
80053,1,0.0005703158181576563,0.9999999863896244
77108,0,0.0017007221768206937,0.9999999995768329
65970,1,0.0017007221768206937,0.9999999995768329
23837,0,0.010013570327733817,0.9999999480904885
60196,1,0.0005884089269625609,0.999999980710548
59245,1,0.004755200222770245,1.0000000117997783
8077,1,0.002182716953960533,1.0000000011646122
74183,1,0.003483424138929746,1.0000000266632039
112595,0,0.004070137783849419,1.0000000383608847
41021,0,0.0012843081308850904,1.000000049038127
60834,1,0.00433150297248697,1.0000000417343247
35935,0,0.0028895806206370002,0.9999999766411489
59067,1,0.0008830457137489357,1.000000008496136
84536,0,0.002472622943003016,1.0000000330111785
100811,0,0.0016484828588918183,1.000000036942309
5284,1,0.00030534899065814974,1.0000000280436612
20567,0,0.005220125635523485,1.000000044620838
111499,0,0.005554925104976847,0.9999999267517203
13772,1,0.0028895806206370002,0.9999999766411489
100983,0,0.006903836628141824,1.0000000217724625
23719,0,0.0004173158237957614,1.000000019100035
80143,1,0.0029810329339968827,0.9999999389302892
21581,0,0.009412590343086962,0.999999976340415
106832,0,0.003945406039842732,0.9999999479201375
54813,1,0.0008559005270359918,0.9999999957725794
3961,0,0.0015978451647420651,1.0000000176565358
89299,0,0.002631674240722588,1.0000000397652378
80701,1,0.0004173158237957614,1.000000019100035
83205,0,0.0018675662743252222,0.9999999516670156
86337,0,0.00337661276801696,1.0000000056416865
59764,1,0.001410358436282299,0.9999999587804097
101808,0,0.0027149861050945762,0.9999999947993038
79374,1,0.0006070754685282924,0.9999999537339795
31696,0,0.001987774066425167,0.9999999844245672
84856,0,0.001987774066425167,0.9999999844245672
28379,0,0.0029810329339968827,0.9999999389302892
108194,0,0.0016484828588918183,1.000000036942309
61821,1,0.0032730656975854832,0.9999999556123845
54820,1,0.0008559005270359918,0.9999999957725794
85627,0,0.0015487614480278714,1.0000000124985304
52301,1,0.0009110513587503458,1.0000000502487847
93939,0,0.002182716953960533,1.0000000011646122
13840,0,0.00337661276801696,1.0000000056416865
79565,0,0.003945406039842732,0.9999999479201375
65991,1,0.002182716953960533,1.0000000011646122
108746,0,0.0015011819937681247,0.9999999714487824
79131,0,0.0010005044957413633,1.000000029260898
117116,0,0.0020507436161568606,1.000000028051143
117791,0,0.0011335688164599627,0.9999999827825015
104705,0,0.0032730656975854832,0.9999999556123845
59277,1,0.004198795588833998,0.9999999482969849
116179,0,0.002182716953960533,1.0000000011646122
9581,1,0.003945406039842732,0.9999999479201375
85895,0,0.0053849370015672145,0.9999999633360379
61620,1,0.0007554055970964759,0.9999999513703358
95346,0,0.002472622943003016,1.0000000330111785
65447,1,0.0003920418525378508,0.9999999970507341
30291,0,0.00433150297248697,1.0000000417343247
41663,1,0.0023967313911954784,0.9999999456397808
18949,0,0.0014550627830884635,0.9999999687194807
41410,0,0.0017546144219260113,0.9999999575550611
66428,1,0.00433150297248697,1.0000000417343247
22080,0,0.002550912911214397,1.000000039662948
5370,1,0.0009697518580996581,0.9999999719686026
89007,0,0.004905404780589826,1.0000000436817893
89503,0,0.0009110513587503458,1.0000000502487847
100098,0,0.0010322309782936526,0.999999991505182
34694,0,0.0053849370015672145,0.9999999633360379
115349,0,0.0009697518580996581,0.9999999719686026
48641,1,0.00022341643448714715,0.9999999489488367
118699,0,0.002472622943003016,1.0000000330111785
71102,1,0.005911069753745469,0.9999999401541151
113299,0,0.003075369179754187,0.9999999584314581
118382,0,0.0032730656975854832,0.9999999556123845
71677,1,0.0016484828588918183,1.000000036942309
51259,0,0.0010322309782936526,0.999999991505182
13686,1,0.0021157029409860713,1.000000051242155
20078,0,0.0037072529053448575,1.0000000487914342
21943,0,0.002182716953960533,1.0000000011646122
71483,1,0.006289901135666448,0.9999999399788999
