booking_id,y,p_cancel
50260,1,0.9980468656043566
94659,0,0.20420978793672223
80378,1,0.9888238156256818
22296,0,0.11681720580384412
92626,0,0.2511425040982204
21375,0,0.04723412352630819
66554,1,0.9983280631933543
17705,0,0.033168688432117795
119125,0,0.23017492692222366
68523,1,0.9715008854105586
23341,0,0.2544596002697057
95542,0,0.12397639454040119
23292,0,0.03366627534336282
101471,0,0.005161370972452924
18439,0,0.024925511998748325
52211,1,0.9892710242018574
74810,1,0.995310361457132
93744,0,0.9486911306919952
88232,0,0.02843763574163932
95206,0,0.009474082397495111
26614,0,0.8039152675897698
90963,0,0.019536147124790626
8862,1,0.0043267976136744
111681,0,0.02080306619412653
48015,1,0.5177039186944861
73290,1,0.5984731733817623
39851,0,0.08018214266964613
91999,0,0.09799748538556712
104789,0,0.034931068946752956
6203,1,0.37960753172388645
47415,1,0.2214798528072302
95794,0,0.07741409181343177
33149,0,0.013593500218289919
46813,1,0.07097968691411742
65405,1,0.15357090482129496
41339,0,0.026360085829819718
38918,0,0.9364301964509669
8885,1,0.04105007368959948
60852,1,0.9965563894031072
10106,1,0.24878028613196704
60194,1,0.9977454767945327
25354,0,0.019120942138818438
112045,0,0.062310787834787475
107560,0,0.18370037536460734
95064,0,0.7775736011471857
104370,0,0.024590274735571384
117308,0,0.5205953590148782
112297,0,0.003578839136016959
117089,0,0.047381737748751686
6521,0,0.05716778352565156
24872,0,0.013521683789075003
95805,0,0.04841469176766136
62141,1,0.40029858929510637
24145,0,0.19508625976390062
66704,1,0.7230144893234045
2383,0,0.013356007004039482
73766,1,0.9794128262214843
71718,1,0.2093578695654466
115801,0,0.15773970986465016
58919,1,0.028830058944127074
103419,0,0.18522237275567938
39535,0,0.07020713080192666
96122,0,0.18143877195550961
83919,0,0.26284411122954987
82332,1,0.9982066397864418
1114,0,0.08435298255021778
28510,0,0.027853318377934852
109913,0,0.3705773188768237
91360,0,0.007471127601457118
117775,0,0.6599227584514914
26616,0,0.9436197364731664
5203,0,0.617259087716452
82471,0,0.014878316300394078
106979,0,0.5589231510464514
74525,1,0.997615079964816
90237,0,0.009359736582895272
63458,1,0.11269293929880647
16678,0,0.007593148362455431
56856,1,0.9966479078369963
20896,0,0.07126083940934733
21130,0,0.03472344907549756
36030,0,0.012666142197100055
24125,0,0.00892821012349771
28617,0,0.6340860027965151
75104,1,0.9972324349493232
102750,0,0.035191660089522916
27639,0,0.5845230167972838
38941,0,0.6473477518600533
81127,0,0.055739972096824436
29765,0,0.006677537870662543
5178,1,0.3995878226179722
40511,0,0.6624506304242798
81018,0,0.26452760452552393
82578,0,0.02931822818345758
15410,0,0.13039879779532837
14595,0,0.43695178029661896
46972,1,0.9220323060787415
114240,0,0.04307727120275438
58196,1,0.015164611538990652
116534,0,0.06774974232326042
23410,0,0.320460404820933
50131,1,0.9907552525486193
34739,0,0.44439019626874654
43523,0,0.6626184142003408
4391,1,0.24992984735836804
65993,1,0.957053090863284
18090,0,0.003731942890098738
82121,1,0.9701686064304147
74219,1,0.9874181437592208
99133,0,0.004154678307513235
2630,1,0.9819167318875979
104855,0,0.02296966361850677
27822,0,0.7988212489320714
34516,0,0.6423337944644821
33677,0,0.07649889671862806
23133,0,0.01030928812797139
2995,0,0.014394167887329163
2781,1,0.9776538364720014
94192,0,0.1549769938329388
1583,0,0.85041336353454
12313,1,0.5209600319813753
73735,1,0.9886476445622178
68627,1,0.9743395862172309
28147,0,0.020407882918769323
76703,0,0.07775002094593995
511,1,0.5680269244654695
22824,0,0.3625052648923081
49550,1,0.07380564247776684
27125,0,0.7447764207836506
60652,1,0.9959727634684195
55125,1,0.9031866746275667
47452,1,0.1410228756863606
25484,0,0.010354214051109147
77692,0,0.0018825211604381541
90871,0,0.19518253159819735
58201,1,0.005408629765885942
9023,1,0.004016593798945685
304,0,0.12730026532607963
18753,0,0.0037196046903871594
40917,0,0.7265741718385103
16834,0,0.032413804316083594
91183,0,0.02138132282028969
84524,0,0.19754057979353296
33533,0,0.024927164460821258
43929,0,0.02945952692743411
47918,0,0.3597202749623251
110316,0,0.03554443254674718
56346,1,0.08667731333532876
52197,1,0.9283277854625683
104708,0,0.045758673085747846
99689,0,0.4219687187805704
79390,1,0.9971019399580398
69348,1,0.9727338038669807
30408,0,0.011600244828404686
73187,1,0.945536017383324
19179,1,0.9965471566055842
10166,1,0.04589250634793107
16051,0,0.12746285881145586
45533,0,0.04902173956657493
109910,0,0.5601012340762558
246,0,0.5963526902146828
89162,0,0.0027307426524367196
60182,1,0.9977454767945327
28538,0,0.010631824004227873
68885,1,0.9922023290539481
56027,1,0.28668864014900086
3100,0,0.02726264207290873
89316,0,0.5702836115670696
116796,0,0.8866369152827064
43555,1,0.024109083419137513
107883,0,0.26847695978774416
94799,0,0.03472813062124805
60648,1,0.09217787997103796
28213,0,0.11949606450152898
58937,1,0.04242046406693706
66441,1,0.9908348262145762
15929,0,0.6480872750738148
61667,1,0.0733732073913011
106216,0,0.03699388101038721
83532,0,0.30426697380881373
29751,0,0.0022630976859057514
85930,0,0.04616348310669588
18903,0,0.02641996558858547
72932,1,0.7692219489706038
104905,0,0.050271334795773705
106104,0,0.2749070442524173
20249,0,0.09426561308812018
80376,1,0.9888238156256818
72920,1,0.0790306188691785
48250,1,0.9977742800723141
24139,0,0.018605745289270996
11945,1,0.6350619489043493
50687,0,0.0045301653684044
70215,1,0.979666437065771
23174,0,0.43463200286796816
96415,0,0.27202768461003685
1848,0,0.019474828543812096
60590,1,0.003914803307160904
3736,0,0.09861659358018954
79119,0,0.02679933032846875
90150,0,0.004198903553615239
74211,1,0.9231747840932628
35189,0,0.05442674315002882
17277,0,0.021939171539136344
64461,1,0.2290022412752321
84836,0,0.3688106248047596
68429,1,0.005268777251743049
91858,0,0.48217721146166465
94250,0,0.023698875892206633
58670,1,0.9814807402602197
75665,1,0.982548084556129
5613,1,0.2752814733042586
98271,0,0.01296285660320584
104472,0,0.028576260748550342
112974,0,0.01815942663715154
31866,0,0.017436736182434097
107084,0,0.7017587027303502
81028,1,0.3846757199750614
37692,0,0.019209096435008635
103349,0,0.006236222347477165
66228,1,0.45643848502322426
109274,0,0.04810386786371841
18749,0,0.011808665592081123
41667,0,0.0843372552635121
105426,0,0.7821181406124408
19597,0,0.007569347558649946
115310,0,0.38014154127702954
1593,1,0.9394099022150583
70387,1,0.9816773612285163
91623,0,0.03511159856250494
113824,0,0.014373525833264499
87336,0,0.030299365144565958
60888,1,0.021043763480425404
42057,0,0.3402551917522001
12924,1,0.8661948002206952
21441,0,0.10392930771333357
27666,0,0.03244512879599746
16426,0,0.729128706409644
89576,0,0.0030103129661050785
45283,0,0.3948607417241704
71916,1,0.4648185504963835
105912,0,0.30643968835184504
106234,0,0.1640645725295475
145,0,0.9737339368964437
64650,1,0.9913360841390022
90880,0,0.012255227611781726
29758,0,0.08979275035913724
76958,0,0.09098406145439474
1074,0,0.2632105046184236
54075,1,0.7378406012409094
101185,0,0.26721941634462226
66249,1,0.27259510740756254
73261,1,0.9344121014357896
13749,1,0.7473051430390151
52248,1,0.5195736648542003
54627,1,0.6446178192155987
87373,0,0.7879048421381232
110895,0,0.016702350455544773
30449,0,0.005443330649140198
12800,1,0.7567448146002613
111555,0,0.049527169374428665
104821,0,0.050448510142288724
77278,0,0.3076280203641669
90445,0,0.05989039985807973
12093,1,0.4130367292002882
7961,1,0.8033439274067959
87984,0,0.022091941315087786
37487,0,0.006871498739431634
18766,0,0.0396842336165631
100591,0,0.0018169786262007158
74768,1,0.9763228308529237
28749,0,0.0052930366974451686
21305,0,0.2077055851887038
109345,0,0.0511314939817956
65578,1,0.9950876630876161
87944,0,0.027537441021169947
109920,0,0.46613815100795647
80907,0,0.023040453104488514
83628,0,0.3204356599963609
6775,0,0.14187583591391115
110010,0,0.09928423922673704
77206,1,0.9559767443817012
75883,1,0.9848806799959302
82662,0,0.3049959489941447
102171,0,0.06557501018660916
95977,0,0.19760810030555936
846,1,0.4212696301196784
89829,0,0.025839360192880488
97649,0,0.03379412233432314
55312,1,0.8471678171563305
11713,1,0.880850914484911
17631,0,0.008011663090926978
84430,0,0.0840629743672734
7285,1,0.9523156056924393
84997,0,0.6008941730593915
21853,0,0.026783824986801052
13352,1,0.8503443932998881
37547,0,0.04626177178834911
103114,0,0.020449386593849345
102395,0,0.024441381969821048
115518,0,0.85514617654196
103365,0,0.017502537442153254
7595,1,0.9019646448880951
116130,0,0.012137051932256233
47840,1,0.9283529257368336
73457,1,0.42645302458922446
77424,0,0.03315904275123188
31650,0,0.14724657174987452
116570,0,0.06795496725404954
64157,1,0.9458409510200386
67874,1,0.5030999699140998
40544,0,0.7451909237263676
79501,0,0.0013941335915712747
14711,1,0.9540739820898018
58809,1,0.004681501748155722
59670,1,0.9909552696091765
99432,0,0.012521137056964716
98277,0,0.007647131327769404
76342,0,0.5433932627082753
101617,0,0.2721455053674374
37874,0,0.02254140997512154
100706,0,0.022237588984787032
32722,0,0.019988714474035094
74015,1,0.9989607484198837
12457,1,0.6296671262154311
94638,0,0.10403448869806324
83223,0,0.042345694977254766
76299,0,0.6939183792049153
94714,0,0.2543893833103318
18913,0,0.01842447462262772
76374,1,0.9946744902902466
116368,0,0.07755517457354133
28727,0,0.001977604506950563
43717,0,0.1683473760920224
62476,1,0.984824366075594
3578,1,0.547529825729947
92918,0,0.013905195574865881
84080,0,0.7120762999945237
110694,0,0.3962425530632333
92009,0,0.006261553266856637
112586,0,0.6646311768147678
23996,0,0.7032816539691871
78287,0,0.10112941932095984
78804,0,0.04647597149368914
17764,0,0.359363082034833
98994,0,0.005269199635758637
90384,0,0.03245830831067157
98516,0,0.0022841204367587443
115048,0,0.059813981025270836
71465,1,0.27546476834587136
67568,1,0.15087688049855452
68850,1,0.20552298179371659
20429,0,0.004173407622870915
34702,0,0.3869104690620068
42124,0,0.0026755216589366615
39996,0,0.009123506364455391
32039,0,0.013001173732293762
60591,1,0.996550174073677
60528,1,0.01800717381992987
89147,0,0.0235377847052181
88380,0,0.0054587064592207515
80689,1,0.9827123796184722
3747,1,0.959814218020017
63960,1,0.056459814884538155
26326,0,0.483370101707895
87738,0,0.022176579618212365
57245,1,0.11454825758112795
112084,0,0.04070579171131321
34584,0,0.5453614058118724
44449,1,0.9863076179502515
19,0,0.029945355893549182
60934,1,0.01977647939071134
10853,1,0.9156603528422876
5397,1,0.996453468516343
63123,1,0.9837217174376036
23107,0,0.01824548307729076
112675,0,0.008876276441306888
46065,1,0.9754578267113547
12522,1,0.3441560584641416
19636,0,0.0018175811303168552
31268,0,0.003876318538099372
94983,0,0.11645869605751225
93097,0,0.07067423970191755
81129,0,0.0023497146460430382
57615,1,0.07580861155045389
17366,0,0.021501083066885595
31858,0,0.004088008756142806
112989,0,0.0048371016180506375
15996,0,0.020411031445192032
5283,1,0.9891816597994944
79180,1,0.9977917549442075
81669,1,0.997617057703351
69581,1,0.0721506016518263
42973,0,0.2939762616483726
28072,0,0.06742071113828497
35610,0,0.15545815015791947
15825,0,0.20154990111970222
112817,0,0.05611405483473605
94790,0,0.004940798066629452
111798,0,0.024707786997733412
57426,0,0.029287486672900587
109969,0,0.015884954399429274
29494,0,0.326146764897975
68510,1,0.011565156691524364
39649,0,0.05056079851462497
48538,1,0.988645402268339
118692,0,0.28051728303884105
29435,0,0.03546445966943672
41350,0,0.030677380699997946
110847,0,0.03837364368403913
112131,0,0.06678030819570606
87310,0,0.041322644806625765
50553,1,0.9931308820241805
89851,0,0.02452921598655611
82133,0,0.001296874686166687
90380,0,0.43915005486441727
105707,0,0.6550028663833487
56554,1,0.032605556488968755
203,0,0.21127459487789946
60359,1,0.18633843106136774
32368,0,0.036431780109554765
58740,1,0.9862812241186859
84239,0,0.17220940990460443
20734,0,0.8158859404557184
102579,0,0.0317415947244148
101193,0,0.3665596993920586
38203,0,0.3479406828718089
44504,0,0.5730423158321118
45098,0,0.003507334195013579
70921,1,0.0207907769802133
72259,1,0.8869207370343275
95084,0,0.6193061951301391
98765,0,0.04203930537001578
28178,0,0.015692138523106306
82408,0,0.009989660899889124
79294,0,0.007416311429995551
114134,0,0.27803521763239986
93046,0,0.011494801237759993
61819,1,0.10548755358417775
88406,0,0.011640760913638628
6187,1,0.37960753172388645
33220,0,0.0033141162357265518
62996,1,0.5817446307680827
67557,1,0.18755175385166573
102124,0,0.06106819732893335
112774,0,0.11945832680413888
35108,0,0.006473137320065739
75234,1,0.9957975577585702
109444,0,0.2683318621122453
38421,0,0.44201560323068956
2659,1,0.9829736275684408
11647,1,0.5709082878274083
103257,0,0.01157717668945312
24807,0,0.009387111661257991
49504,1,0.9883686612273958
96295,0,0.02487956689129052
29928,0,0.003707896665272576
63120,1,0.9837217174376036
37652,0,0.012959214752360322
50824,0,0.02967463056425767
35345,0,0.023870953138297443
40051,1,0.9300209719959616
107960,0,0.11949084515919049
101834,0,0.003315758286704611
77425,0,0.014025225985838202
43747,0,0.005439287524909508
15472,0,0.024837570837568913
49341,1,0.10912429268141052
101969,0,0.006968108403195097
110296,0,0.15965683348672413
70199,1,0.5682353791280578
99444,0,0.011319458816001798
81353,0,0.04407941702729601
27188,0,0.10431512489050476
99305,0,0.06049547938148767
82669,0,0.1888880665444731
116565,0,0.1546736757823222
23869,0,0.004159633173407341
67841,1,0.7603849388267743
97734,0,0.021960070366381756
12231,1,0.49469780279087705
30656,0,0.010748679433905716
65607,1,0.9950876630876161
1905,1,0.09491777553713497
104542,0,0.041990629367763606
105695,0,0.0662503791977262
107296,1,0.08524846761166219
98149,0,0.015173039045871783
40863,1,0.3892493485786071
64523,1,0.9896784554427605
27076,0,0.29211599722488746
117156,0,0.6907922752000565
71717,1,0.9524689885913784
79667,0,0.002817269607200929
69234,1,0.9801101659394273
77854,1,0.19728035863548093
93766,0,0.8713227098062221
4912,1,0.15506950260449082
42386,0,0.006346271185161735
118785,0,0.9423005789784361
17222,0,0.015097445207427082
98248,0,0.18941960981980685
46463,1,0.9707054645421518
19777,0,0.003814980467439401
39642,0,0.06443173840352036
93622,0,0.09728460755797436
53414,1,0.11564735204867393
42674,0,0.01521649395772743
16377,0,0.8588398702650629
69190,1,0.08989631363180357
117905,0,0.1506372548836239
5933,1,0.9521475288444331
38725,0,0.6149800324237736
96400,0,0.028514998548767847
4481,1,0.9028855858307034
30979,0,0.004425897640131572
4271,1,0.9140056772399713
43964,1,0.9929472447260123
73730,1,0.9886476445622178
97804,0,0.03943435104234412
69545,1,0.9685510351050387
26084,0,0.1507403054118502
7145,1,0.6222959464962745
55871,1,0.8733360501601605
64751,1,0.6441344033698064
47817,1,0.2778091017547879
73787,1,0.9757518303675727
55361,0,0.47707824853905567
79019,0,0.028270463299811376
113788,0,0.019522841088607495
21009,0,0.016045420170169095
51154,1,0.06052457096777898
11098,1,0.5846612198494423
1159,0,0.020157844720663315
34339,0,0.04496087918263308
58625,1,0.3306214835284234
47046,1,0.186018954649832
44424,1,0.9863076179502515
76398,1,0.9949895501213872
85027,0,0.8528522308889177
69279,1,0.9766446142015012
111617,0,0.010804016596811563
46234,0,0.0008910184397964451
71832,1,0.31343889678752246
3434,1,0.32773611855686036
96457,0,0.5613023330949122
49141,1,0.9969977767779541
32002,0,0.016845545611838906
13490,1,0.7485988124462678
60137,1,0.9977454767945327
39144,0,0.3137165454398723
3176,0,0.008621569888973288
76307,0,0.39265250749956926
104150,0,0.09248369069977808
49101,1,0.9925614394171258
21151,0,0.05412921000207497
109613,0,0.49872085938584476
64550,1,0.9896784554427605
88103,0,0.12520617440615442
50566,1,0.033306653123052025
117802,0,0.2412288135497608
12371,1,0.18472922914714088
48535,1,0.9940906269175102
102897,0,0.023556490986204576
66084,1,0.15571919918116903
63959,1,0.10472497066154819
17708,0,0.025734940485478426
107144,0,0.48090555623066256
119010,0,0.36956886037356784
10209,1,0.07561083577133901
62637,1,0.14521810265816765
96888,0,0.03463301119826394
75333,1,0.9983496860170717
41295,1,0.0830267663454221
105783,0,0.7248608596675584
23099,0,0.038421266076992616
29210,0,0.005791593616918231
11337,1,0.480316365777145
7890,1,0.9478841024871539
100156,0,0.11692920363651868
74062,1,0.9968257106437731
58122,1,0.9965469575943268
27789,0,0.046245738647822485
55176,1,0.8719350452821631
28261,0,0.011450984431563293
25762,0,0.024895646977730695
95081,0,0.05052640113777356
79026,0,0.005409756079518311
8423,1,0.07059823326812005
43692,0,0.021475118060953986
37865,0,0.13624061592710945
50976,1,0.003907151182400103
57899,1,0.9939002067461271
52758,1,0.9888892108375329
37293,0,0.004593112221783144
1388,1,0.8853385267152185
368,0,0.9064194015494679
18265,0,0.00693255812732355
3835,1,0.004538831772377107
42409,0,0.034996928592374674
37021,0,0.02148233465855295
15117,1,0.9057728967661978
59777,1,0.014286477544927073
83660,0,0.13719298445491673
520,0,0.005821991485362142
7636,1,0.6644236758795906
21911,0,0.04119406765120132
56315,1,0.22877200580805535
11078,1,0.3709464969412314
33516,0,0.31634932289734946
27128,1,0.8582072027997768
56588,1,0.05255260285255426
2609,1,0.3727980277694437
105106,0,0.4265005665469109
96006,0,0.20060102050189918
88317,0,0.07935240926424164
29855,0,0.002706474546260979
64758,1,0.22954016126180488
78660,0,0.024327177660190616
11495,1,0.36439570375150904
43954,1,0.9929472447260123
65436,1,0.9875884145207993
36093,0,0.00441404967150175
30058,0,0.2758927364464497
66105,1,0.47936744855251046
106065,0,0.1859917302602455
112618,0,0.04487686065358833
45241,0,0.3948607417241704
78024,1,0.5974960234305304
44928,1,0.9794389927629309
53909,1,0.0850434290953141
40309,1,0.9465867734329382
54622,1,0.8796364185290606
22482,0,0.0945497713725065
108015,0,0.3019631268610287
82654,0,0.8087171214218304
91302,0,0.028059116471530338
68193,1,0.9654507631412423
30707,0,0.027059964444550614
63611,1,0.6953773985851388
116370,0,0.034958317588643595
94316,0,0.6177704397796712
105132,0,0.016633758642565385
71407,1,0.4362707842095739
29942,0,0.01696085815570396
14169,0,0.04800080198172628
87922,0,0.10738921459655075
48202,1,0.8747005829139808
40158,1,0.03283792808509151
56727,1,0.4638553668182364
34729,0,0.11066848764936166
101269,0,0.1322440465247949
52415,1,0.07715887339411037
47384,1,0.6504362210246188
109513,0,0.2032196627431415
69340,1,0.9727338038669807
42473,0,0.057529719886912925
67509,1,0.09683112822373346
11833,1,0.09846371015717705
33036,0,0.7286639084332237
88482,0,0.08179043767712069
59214,0,0.041660451076052235
11453,1,0.606915448419343
101381,0,0.010529965998968402
30762,0,0.020092888069005638
60749,1,0.033463080060897224
46906,0,0.13684945374835283
42863,0,0.3709746386324524
68282,1,0.9649873817305994
9773,1,0.1506127415261207
113124,0,0.10440865436137149
33795,0,0.018153560225384734
57985,1,0.873632366752479
14680,1,0.9540739820898018
91830,0,0.012803879552659277
14812,1,0.9518798175753127
27481,0,0.01222260882545282
27752,0,0.8034676124757927
32671,0,0.02265554212074399
60055,1,0.8466450596228451
39491,0,0.9195528374194244
90057,0,0.05554785060349322
99934,0,0.03791861022233811
110864,0,0.15659173045723715
79514,0,0.0021546760159681768
5187,1,0.04528793930274911
88460,0,0.025609501409954036
113784,0,0.18015320417776537
118130,0,0.6887130530874109
81841,1,0.9890682496285711
7168,1,0.989928052822612
48147,1,0.9934821256990904
25246,0,0.02241818129091263
64950,1,0.9955124788182451
41546,0,0.03486729977310214
51331,1,0.21760654564734608
110320,0,0.2960131600011292
6526,1,0.7361765298236596
14186,0,0.010908018107727067
672,1,0.21755573377659607
14156,0,0.10450702739889398
48848,1,0.11246544435283727
113632,0,0.11333548704700569
95986,0,0.07019623480859628
98825,0,0.04989431069956871
85541,0,0.06330590714045407
102940,0,0.04052106721897155
114367,0,0.042770754654182265
18056,0,0.0015712272767256234
93393,0,0.08992674457608042
118273,0,0.17474838112670757
19676,0,0.01098980947340956
111611,0,0.039052617372531254
47,0,0.0678195913240374
19381,0,0.008993380002242434
118163,0,0.15129562518872242
83186,0,0.0370398992886679
88270,0,0.03955258787894067
25413,0,0.009553203958153879
93223,0,0.32793077580756247
114813,0,0.23395347781748146
59651,1,0.0960114049651729
35484,0,0.06455190066864341
15326,0,0.017535931263336496
18743,0,0.020920930779530843
92978,0,0.028374358615617608
8278,1,0.9961444800606719
70598,1,0.5303219970834879
107627,0,0.3804165501268206
17805,0,0.002710477204885942
31425,0,0.05787480713865734
67017,1,0.05642791860555639
79727,0,0.08465517703012553
72128,1,0.46478166566829077
53497,1,0.9949704729486045
62167,1,0.07496909039129245
112632,0,0.7528850833308515
8353,1,0.8643541675861476
17033,0,0.010196072847168728
2535,0,0.002505481581793559
35724,0,0.016540770948147984
24761,0,0.0053688263976938
112484,0,0.01570689925461579
79764,0,0.00621677068200378
68028,1,0.11383745758514689
26296,0,0.2093440253272912
96817,0,0.11398389794237232
105620,0,0.5287045005394138
33142,0,0.056917318504069156
78796,0,0.04647597149368914
72077,1,0.0687948753294086
45473,0,0.00715665222160282
66069,1,0.828578993870563
18964,0,0.07451562749494238
7783,1,0.9793004820679119
88312,0,0.003804405284417334
113102,0,0.5706669164710119
81576,1,0.9903328722236024
51301,1,0.027633510224695786
20798,0,0.026619718348667925
118133,0,0.02741011246510135
84588,0,0.04274769262665249
35025,0,0.025359583722512197
58195,1,0.4452922287070683
116726,0,0.04837444521351622
18322,0,0.7856468100568448
23026,0,0.8435919057145468
18888,0,0.005027034780753241
59883,1,0.995099746507592
59996,1,0.9962334435787784
57717,1,0.9923562226749881
72624,1,0.8260930126663804
36499,0,0.01269833417084289
118201,0,0.931772059541073
29818,0,0.002771539777399589
62181,1,0.9967640197817839
59656,1,0.005028101001567898
21494,0,0.2064548648927713
1653,1,0.8613513490207554
87208,0,0.7083045302864027
90945,0,0.0032223034428998146
80265,1,0.9727107273705773
35450,0,0.6574675016522181
65271,1,0.9858816746436716
45162,0,0.006015277334915482
115636,0,0.05197621377448544
74822,1,0.9962152333007248
77462,0,0.002524595706861442
67806,1,0.20514856068052775
73288,1,0.8920562345393404
29621,0,0.05588263867930606
109889,0,0.04934279714143417
42826,0,0.3370209806692375
24615,0,0.015377723019469686
62489,1,0.984824366075594
31481,0,0.01462329053232839
69383,1,0.2250094043509716
44237,0,0.48931465140183195
98978,0,0.0689913804825623
44034,0,0.004800740743272387
72462,1,0.21101198066125648
93760,0,0.13573162720104542
43899,1,0.9943012471093979
22205,0,0.02173467351840314
92983,0,0.4771982668095771
104800,0,0.02847334516671839
22228,0,0.035733862997753836
91511,0,0.01597478302978516
108480,0,0.09491499980301164
88944,0,0.040617308595371965
38602,0,0.4052147350652573
59955,1,0.9962334435787784
71812,1,0.6884652434738299
12401,1,0.32303578956938056
9129,0,0.034136447773462184
10115,1,0.41141225384929847
14023,0,0.027425887125645733
94315,0,0.017658137053910436
95749,0,0.22567288402466684
104223,0,0.05023524802336646
68989,1,0.3731158945475568
7387,1,0.8666879940078218
26923,0,0.2469205850914016
93753,0,0.15643079528721496
94883,0,0.22829455469516116
59383,1,0.9962621438412165
39229,0,0.8924857607414945
48530,1,0.988645402268339
112144,0,0.07527927028598924
111134,0,0.06048710000225916
118342,0,0.3676432055756888
53979,1,0.6940936344704458
101579,0,0.012222153413398145
80822,0,0.015479720295006027
51255,1,0.01581855704844859
39415,0,0.24605980494423862
35294,0,0.07623130021804006
19444,0,0.009286919682841593
100984,0,0.009334417138869426
294,0,0.005844053245535859
61190,1,0.013996969261699372
116707,0,0.8888457588639767
75270,1,0.9958240372654605
58288,1,0.18769214156431419
16523,0,0.06807255896542828
51449,1,0.9860929811245075
100472,0,0.0058987294860043775
50560,1,0.9898814772220925
38877,0,0.03359251810279529
59750,1,0.9909552696091765
112134,0,0.0033534754905814703
45669,0,0.4235639914038496
16180,0,0.029016210559048117
84631,0,0.09539557679938448
95929,0,0.09490249173674224
70784,1,0.03807140548732999
28041,0,0.020870472025873374
109545,0,0.23965190414206178
50363,1,0.9117235463249082
67598,1,0.2749179725271078
8835,1,0.9744034952174964
92104,0,0.045359594331439906
104596,0,0.01076356752467159
49347,1,0.11511470767871261
29668,0,0.01441568457815076
39184,0,0.47066194643919357
115211,0,0.3305121255148354
70221,1,0.979666437065771
24880,0,0.020034916092512425
50136,1,0.7653231550855655
59163,1,0.1561868070460598
36732,0,0.013515469539229613
43307,1,0.10830847490520769
29410,0,0.003068384135573274
60491,1,0.26071435349605715
105637,0,0.03526066318028733
52606,1,0.21855579839120476
53342,1,0.7888144156790358
57773,1,0.04114146157735619
104345,0,0.044367395851726735
11745,1,0.28900365507191494
11401,1,0.457135330305532
99321,0,0.4998448524133202
76042,1,0.9752056006821437
114529,0,0.12110767754993126
86934,0,0.5789979848307367
69772,1,0.9808798393615547
109972,0,0.040121658872719866
49534,1,0.24393287012765139
90103,0,0.01190712255850117
92438,0,0.6976356595210252
80524,1,0.2409474812686516
63455,1,0.9917665438253689
85920,0,0.345225888883938
22881,0,0.037667236968952605
111571,0,0.03944659605761006
5113,0,0.11949589930708299
57546,1,0.6833626222555409
111369,0,0.42501795612129173
60121,1,0.9833154360803161
110520,0,0.7438677002878952
7109,1,0.8316655886567683
88401,0,0.011640760913638628
88379,0,0.007836793036868414
46275,1,0.46774766361468767
21550,0,0.026467951369099327
424,0,0.34370024345878725
101956,0,0.4012155962249165
14542,0,0.012475352122402453
34681,0,0.04885658561899022
37109,0,0.02852888917068865
26492,0,0.2818077209434882
18889,0,0.0006637928304741345
32860,0,0.27421239311113416
45537,0,0.04902173956657493
114317,0,0.03433160022286003
88288,0,0.007224651803016737
110961,0,0.005693851970677142
58930,1,0.0055852115217243856
39874,0,0.4164247932274389
18323,0,0.7887789353487166
71641,1,0.8541840252074892
79943,1,0.1732970019919751
30980,0,0.004425897640131572
111700,0,0.06779225231376011
56182,1,0.9966960159253617
6532,1,0.6776931283737873
2759,0,0.007773765444739426
12847,1,0.5430922077970859
107199,0,0.18924127492652346
5761,1,0.004000794326663369
19650,0,0.0009987763146482435
15300,1,0.4178728085664595
105868,0,0.11459985655781127
38474,0,0.47186147005167023
65888,1,0.37532444210403004
73269,1,0.8415640789916027
100166,0,0.0049089314423537995
55529,1,0.09660103134206613
42883,0,0.01585459109329716
25482,0,0.01007484097438147
46809,0,0.190617080883678
113695,0,0.021279741798395597
115412,0,0.14028301010866795
90874,0,0.07877507637306973
30922,0,0.022946210562445297
48096,1,0.9938157034338334
52491,1,0.3381040981646544
62572,1,0.10452853229923487
49294,1,0.05223126391497389
37843,0,0.01683888800692964
71525,1,0.298340816968568
63263,1,0.05170057390192749
80732,0,0.015782936856416553
5285,1,0.9891816597994944
113353,0,0.006367607837596525
37032,0,0.021883013098073712
41427,0,0.56975122348118
95586,0,0.02473952182720622
105874,0,0.6885564160386967
100205,0,0.02120058149149487
75100,1,0.9972324349493232
36834,0,0.0904944260845983
11288,1,0.007274131669040144
66299,1,0.1996989697499091
78799,0,0.6859951945346191
76238,1,0.9902323234783701
93070,0,0.24493012713792184
105590,0,0.29052541479577476
33102,0,0.08057997102020095
26475,0,0.055084172300586286
78137,0,0.02857746054141905
78264,1,0.6734047277826767
74039,1,0.9978164566870993
89844,0,0.05888864332544261
17560,0,0.010197932088082704
83448,0,0.7447059990904042
4884,1,0.40353008690948317
50138,0,0.6400628210702728
113045,0,0.0377302594219642
45855,0,0.034191546782015296
63819,1,0.8802355738514438
69140,1,0.26845185680245026
18770,0,0.12704201686199082
56364,1,0.07660835122806746
18302,0,0.0036270236393537666
113887,0,0.01246512309731899
61915,1,0.9961358110255119
17851,0,0.0015850833184015503
1630,0,0.2208914078864269
70725,1,0.619638363672077
31094,0,0.008577221976967333
48341,1,0.47850096602447745
90268,0,0.3868382194550585
92857,0,0.08237909662630155
27310,0,0.6519588248134371
37585,0,0.008644228501622105
74696,1,0.9963732719267225
99851,0,0.5579664035991576
103061,0,0.0014692513591415231
71083,1,0.9936664807030555
75474,1,0.996922974356775
91967,0,0.0069670591100157355
22423,0,0.3932225410428648
104195,0,0.007265808427624927
9017,1,0.018370553000676092
59518,1,0.006781296735893033
83302,0,0.7498873904897174
21672,0,0.24302316990042622
65361,1,0.9801704713229993
89055,0,0.011929666856860623
61535,1,0.06345405356433911
26272,0,0.4983760437725723
73499,1,0.10368269214432972
24351,0,0.20295771065124346
28887,0,0.012699416685248145
90855,0,0.0177278990338486
16225,0,0.1865855920776351
26162,0,0.3071499274793166
102190,0,0.04621081193348547
2247,0,0.010375830585769722
56518,1,0.6990188936993003
103280,0,0.006095501496922664
86902,0,0.05383979644786731
108745,0,0.8400051157007956
112357,0,0.09361410284102654
34122,0,0.03888669276766101
63669,1,0.14004980005313059
87246,0,0.01676287714188992
41271,1,0.0830267663454221
22681,0,0.027765146170143466
115036,0,0.05775071506999861
79914,0,0.027862999406902646
32437,0,0.35511470212904334
10672,1,0.9968837730221889
43988,0,0.009440880528567425
89294,0,0.026797897885998612
59653,1,0.012491504363950023
85080,0,0.7751611991127297
50207,1,0.9366416287826832
22704,0,0.058182855380055666
59850,1,0.995099746507592
36641,0,0.0023401387337372197
114667,0,0.046601688950901686
28927,0,0.024729270754108062
55282,1,0.26611908135673795
64126,1,0.9458409510200386
77886,0,0.031511325612108586
21782,0,0.0044985071758876834
39802,0,0.07042437285413528
85429,0,0.4802796883512028
79614,0,0.004967435452769317
24630,0,0.16417599171625108
48259,1,0.6497955523505746
39434,0,0.041539441974538516
26504,0,0.4068359891304924
116249,0,0.04624583126849527
111466,0,0.04169269436068676
95898,0,0.7961931775097253
15297,0,0.07144808375339151
82800,1,0.9979252193709403
34139,0,0.03241207760283602
96673,0,0.016033627799761772
41825,1,0.899857738096711
63239,1,0.4354057990416928
60983,1,0.987990005600286
23108,0,0.007353476475706137
56903,1,0.6571605942829757
83689,0,0.2591609261876332
13854,0,0.8174831162918594
103631,0,0.04590255738364762
113034,0,0.003439428913083252
53416,1,0.9928273889762655
57910,1,0.9939002067461271
105414,0,0.017167650409439825
849,1,0.3903195107789567
36141,0,0.18490599912967884
95881,0,0.9552766788983775
72685,1,0.9115415623328084
70633,1,0.20187004216114923
99918,0,0.01195668546725958
95667,0,0.10500165667761971
52615,1,0.14347567369625627
40061,1,0.7709125999135905
71583,1,0.5716757223673311
50055,1,0.9125579165111002
104899,0,0.013937108115790301
118203,0,0.8450213258545695
91480,0,0.13832134420233183
110941,0,0.8915704498403397
50632,1,0.03389275096493673
575,0,0.1307728074270761
94066,0,0.018748168562317414
79317,0,0.0072604031979113465
61940,1,0.31310405769235167
106046,0,0.21938650273284763
63705,1,0.2599821164514036
13014,1,0.4989822255871514
9087,1,0.09021799177194849
34673,0,0.6501495090935339
113514,0,0.03587401559310025
69213,1,0.9758780687397047
105022,0,0.12858123398151214
83417,0,0.1769215289491166
10086,1,0.46605809274644944
67689,1,0.46390425008120817
112805,0,0.07823218838465797
49680,0,0.7260842888048598
113466,0,0.007719103344487303
118285,0,0.1057340436713746
7407,1,0.967906527654399
11570,1,0.13878943663283716
109892,0,0.02953966218207857
41149,0,0.47722452081257644
17988,0,0.030697214169723874
48639,1,0.9925518551796981
69054,1,0.13402887624307389
33881,0,0.011195266789921781
101169,0,0.17639966429800943
69597,1,0.1281682816577993
23149,0,0.5046184937206178
31561,0,0.06448983759023236
54630,1,0.595474869775813
92358,0,0.013087114407611122
13544,1,0.8418072639570943
55901,1,0.9983363258094867
107525,0,0.6840881654312649
111474,0,0.014925365703090186
10485,1,0.5465046452776898
80607,0,0.41633530679395203
13130,1,0.6103136559709518
36292,0,0.011902637885145216
21593,0,0.12019331566453617
83936,0,0.3325644730912286
8136,0,0.06765448252458121
115402,0,0.5878668795013415
27061,0,0.00605726306222712
32333,0,0.30110997173093296
47761,1,0.07618319001044375
82991,0,0.17616471287425325
96953,0,0.016807858721979263
53972,1,0.8668268920370205
2081,0,0.07699616136205797
20183,0,0.00825148792100147
47315,1,0.995154926052953
12845,1,0.8683243256584636
3051,1,0.48139761176910534
46226,0,0.1025133061504006
116297,0,0.04942116893289339
33487,0,0.06070335876307227
16798,0,0.008782361270479058
37785,0,0.30530573528259713
117998,0,0.9570063573243178
19956,0,0.01221137630089048
107484,0,0.09998639202408612
42546,0,0.02754955900911727
111944,0,0.002962225646926402
114409,0,0.08909279645190922
50791,1,0.01928575277996048
2152,0,0.016646365975649488
11176,1,0.36080367727500173
44947,1,0.8522118318605351
90346,0,0.061473182102198085
100938,0,0.018621059169607136
116319,0,0.11101431338695485
76623,0,0.11635341147706121
89259,0,0.20514902915281918
84982,0,0.36990957356258164
103655,0,0.024185643953413865
56419,1,0.6922481996377822
68741,1,0.9906177909775274
12747,1,0.41687031428083743
71753,1,0.9882895356574486
16508,0,0.22099730862744743
106179,0,0.092886297314014
58295,1,0.06909674452409116
83888,0,0.2023548065250447
94271,0,0.018326884675274095
38480,0,0.14859170862883508
81257,0,0.017780397921997024
55952,1,0.7532414945294574
104752,0,0.019527938133327306
74069,1,0.9980568005790366
83840,0,0.15133361128431957
36999,0,0.017664362568249277
42938,1,0.13889574265884722
101003,0,0.018621059169607136
110106,0,0.2233524316786062
47965,1,0.26342981453461556
24143,0,0.19508625976390062
66284,1,0.491184219037588
18884,1,0.14038140220533762
86919,0,0.07157857357417914
84542,0,0.0797160860506133
34450,0,0.0623565954999966
32911,0,0.010684270839710266
82752,1,0.9979252193709403
43413,0,0.15415049293162975
98278,0,0.26927475312643295
99226,0,0.018516242281447413
109876,0,0.6033927614182967
77237,1,0.17173592854179948
49039,1,0.9925614394171258
48153,1,0.9934821256990904
101573,0,0.023503489428537933
9056,1,0.22742412118699007
93758,0,0.7957736803876874
25528,0,0.351994377360463
84645,0,0.45993158276818275
41045,0,0.0025273291531688453
79975,0,0.01541780286404603
28281,0,0.1582172995132058
94691,0,0.528371747720514
14737,1,0.9495693670991666
20803,0,0.1579427159064805
34687,0,0.13503092187792357
96308,0,0.1609750180387807
65044,1,0.550723878332923
112206,0,0.0698617343421368
45864,0,0.0531779721370645
107416,0,0.03241841752636469
37903,0,0.6201974476256246
32185,0,0.09989927462242741
3379,0,0.02332294675673204
4969,0,0.5906150994678978
117056,0,0.1956003620944646
42972,1,0.9379762590303662
92436,0,0.9807084760488447
73605,1,0.6794019146484709
69664,1,0.8358698028391839
8337,1,0.15166109777094683
80104,1,0.7965896707083641
5532,1,0.4259202766582258
58377,1,0.9925729043739281
59443,1,0.07827876539003625
59336,1,0.008784419546761919
37974,0,0.5725410414143092
89264,0,0.007698075089627149
16009,0,0.6051200055290262
383,0,0.033274201194496124
7214,0,0.41395377134501676
25771,0,0.6682401057101567
15085,1,0.4602425448568109
55621,1,0.8772852476277204
26525,0,0.6820993400641059
110914,0,0.2829542009977057
20586,0,0.08341135249152759
108629,0,0.05062163614073369
75164,1,0.9977172007898788
53530,1,0.7216699676763941
21597,0,0.0302245836575106
77075,0,0.2685231424540103
24655,0,0.14224025356876882
73767,1,0.9794128262214843
29658,0,0.0037646492731908377
71075,1,0.07493544332873914
26061,0,0.03479081951735824
49382,1,0.08700363992056648
113669,0,0.13223756375984255
89571,0,0.005330758556607085
2725,0,0.014002700109554025
51647,1,0.9828614318319517
40265,1,0.13678722530853282
26416,0,0.3296847439784717
104449,0,0.005062050812135754
108111,0,0.055696706199026114
53942,1,0.6175051448007437
22060,0,0.009672456516551329
19051,0,0.001245521975829352
61101,1,0.006609578736793954
44883,1,0.7781209545919641
55147,1,0.16708023957636023
18222,0,0.007752500842204835
108209,0,0.08746316677737855
87410,0,0.01689271900032722
97753,0,0.016686401384099776
86463,0,0.009877021014534656
62826,1,0.9919014218644148
29350,0,0.045129269197726064
85958,0,0.2610633517828327
109650,0,0.7559200790570612
65537,1,0.9910764957488779
32034,0,0.006109850368426236
38312,0,0.859975862124537
11510,1,0.2079805424079601
86547,0,0.07477897018596309
112572,0,0.045894727475706276
44854,0,0.043688314873771776
105626,0,0.1990848830976055
38723,0,0.40708403262060344
1946,1,0.4243487855371488
89432,0,0.04775991187542116
78927,0,0.007301157523799684
22302,0,0.018418327194043297
1804,0,0.056588588756374944
75724,1,0.9801301109410818
95622,0,0.7411202998084077
46538,0,0.00672510985393647
94646,0,0.3493658750616168
45599,0,0.00904216132726778
28567,0,0.0013322436659640917
74338,1,0.9983360518484108
114687,0,0.01588599250578093
5002,1,0.9820058212683024
17293,0,0.01303996938530016
1410,1,0.6652420257070396
70044,1,0.040716895854342086
112673,0,0.053114817361158986
109872,0,0.3256211901332706
19273,0,0.0009327262035962207
12891,1,0.793674007041563
9089,1,0.028695554756843877
10376,1,0.6224211847431812
101405,0,0.030616206151084905
79556,1,0.04051718471578756
8625,1,0.9937487873428642
69784,1,0.9819458052599923
116011,0,0.008641654016582142
20592,0,0.006489029849819573
65260,1,0.9858816746436716
72606,1,0.45318370683277215
36417,0,0.023248525399005786
29289,0,0.010179471588386217
38328,0,0.005516891710998219
42770,1,0.9561712034839775
89361,0,0.04039437719131859
55537,1,0.21712259585588237
24764,0,0.3646730046430975
77400,0,0.12434844670659279
102735,0,0.017754307024396395
79735,0,0.028580034296387988
106597,0,0.8586226926776691
117539,0,0.6018931439981113
18781,0,0.15273445228861385
58492,1,0.3306214835284234
50914,1,0.9879202210873624
19608,0,0.019955118530633635
55787,1,0.7540785360220252
71339,1,0.6258721616607326
93408,0,0.12885867392883793
27208,0,0.654893625740922
21682,0,0.03578565170294506
6992,1,0.2636472803865745
70207,1,0.11754973260617901
117207,0,0.6651781080311888
75807,1,0.9657044066600877
32742,0,0.016769933240790402
96255,0,0.6572573037039839
48794,1,0.9942198583115477
24275,0,0.04429822810654295
18083,0,0.019930909545916725
59084,1,0.027641974462613773
29491,0,0.04398897900659323
39310,0,0.24758689530623296
65921,1,0.7134746768329825
53042,1,0.9849384633684153
92459,0,0.13965649547851786
79125,0,0.0060903838320018775
44439,1,0.9863076179502515
28508,0,0.027853318377934852
73479,1,0.9740980229058409
116553,0,0.06774974232326042
26607,0,0.03133040453424383
23064,0,0.06848457262992375
114826,0,0.24971080659523043
45936,1,0.9818770205781759
75645,1,0.985233134798729
64910,1,0.9955124788182451
109441,0,0.39873487368183874
31281,0,0.26425409107179715
21107,0,0.002170179903967877
107817,0,0.42527192054412927
25815,0,0.9114485811025156
11344,1,0.33942559252842874
41311,0,0.1934322003902052
30697,0,0.006009408528100424
73086,1,0.6986835657606799
53515,1,0.10555133527504211
5909,0,0.05092043642608779
42898,0,0.007914028312292496
59743,1,0.9909552696091765
88803,0,0.033057848669936475
74200,1,0.9971670560061481
46730,1,0.488905867438009
45310,1,0.20887597891534423
99592,0,0.048331647259543205
50993,1,0.9907075088528029
38905,0,0.03022202318507504
15403,0,0.15990154841825976
106857,0,0.2624047741181785
96283,0,0.4387732323032869
107837,0,0.6945554183151822
16301,0,0.3392683457750922
27555,0,0.0916842369458191
19811,0,0.006584543897765004
34564,0,0.538778710670145
63745,1,0.6679650701091869
20341,0,0.07064428374445886
4881,0,0.2942668030080457
112890,0,0.0057018680025437635
118266,0,0.12253746705383625
4918,1,0.7527450475711059
16688,1,0.892438643578336
57217,1,0.035517801890740025
52824,1,0.030072862907459228
113838,0,0.007145735042770352
106704,0,0.07902312802610305
80120,0,0.009171917386023867
44676,1,0.3090270893409726
63087,1,0.9837217174376036
46466,1,0.05981996341985863
2929,0,0.02716447927065394
81547,0,0.0017453614550679744
71232,1,0.36047914786610363
70462,1,0.9861456846387824
44834,0,0.043688314873771776
80717,1,0.9810077636553841
22846,0,0.015175083164036438
14167,0,0.05598528113053142
11408,1,0.88052197644252
5922,1,0.7158184511208033
44427,1,0.9863076179502515
89971,0,0.014718525679170646
88193,0,0.0027592194240650477
55076,1,0.7982054604327465
115871,0,0.9316642723843075
73755,1,0.9794128262214843
44371,0,0.013057811780479893
79652,0,0.0017236217079551093
60245,1,0.9977454767945327
31537,0,0.10977944127540053
37447,0,0.00851611194785829
70705,1,0.9858445024633925
2300,1,0.4707083279202719
93348,0,0.30343342119868144
53741,1,0.11521837683029222
9460,1,0.18471641974015823
9282,1,0.2850757692655905
69131,1,0.982221509457951
30870,0,0.006343246618291892
17858,0,0.023379803460400438
58939,1,0.0205394299946077
30941,0,0.00497471108467121
51036,1,0.9907075088528029
97434,0,0.012659432174145484
57036,1,0.9838139442997782
45748,0,0.17295523300327756
38843,0,0.2977466142513172
86622,0,0.02023229575278701
112019,0,0.029035348194583744
6473,1,0.9703073094416312
40916,1,0.7874751996825663
100361,0,0.018384682606002657
56030,1,0.2005295134560157
93505,0,0.030996060176608234
69303,1,0.9727338038669807
62355,1,0.042163262820805424
70274,1,0.9836671233690374
90435,0,0.14831579117379326
90793,0,0.20256044319916316
79666,0,0.0054860066402223785
17920,0,0.004529368877355406
118837,0,0.7079232901944692
52674,1,0.10701847669366532
110383,0,0.41568167838151604
96448,0,0.01813051827511412
20827,0,0.006510973517713561
45536,1,0.7749015260456891
920,1,0.959378763424281
26839,0,0.8301552020346743
12456,1,0.17880892467292225
46707,0,0.04716694849644239
4120,1,0.587878198941265
79329,0,0.06714719388926822
112567,0,0.07097680371885975
63742,1,0.2809015934171766
114777,0,0.0194580049287922
75405,1,0.9970132727073558
75483,1,0.996922974356775
109260,0,0.03704821892744341
69168,1,0.5321837932121243
33307,0,0.032261867246360446
51815,0,0.02353291444306415
112209,0,0.02104975292101472
39328,0,0.18917275124331612
5561,0,0.1426238408123067
86583,0,0.5970597341908875
80316,1,0.9888238156256818
25748,0,0.8751714010562689
95906,0,0.3773648360594958
92386,0,0.28139716073295196
48916,0,0.7399404908927897
43754,1,0.22644729322230955
77039,0,0.013150982298913151
102216,0,0.09071338145475606
46400,1,0.4167631662962354
68135,1,0.006103854989462976
106644,0,0.4505030714432623
12191,1,0.09275509381266567
73793,1,0.9853981377042468
38048,0,0.8389401782241804
14826,1,0.990592015728777
8629,1,0.9937487873428642
118014,0,0.1280814798525222
12950,1,0.7163032339032278
5930,0,0.09641113271200649
115253,0,0.2388792914316525
45079,1,0.7473966995267635
103407,0,0.007851439681120446
95402,0,0.15043525565444682
17888,0,0.0098205119390951
51406,1,0.5702836115670696
55522,1,0.6098705289117682
113983,0,0.0619197631573311
35135,0,0.829252381165513
105530,0,0.042096976491829204
94400,0,0.8263088243101558
28408,0,0.03206211982048424
46755,0,0.039603512855196206
77848,0,0.015516041055225385
45529,0,0.031109869074518685
31836,0,0.016812425232358215
69481,1,0.9687936489753095
76824,1,0.9957293925061573
34692,0,0.008338589705695136
115413,0,0.9047058839751434
26039,0,0.15463467698888178
52721,1,0.20614539665855625
69256,1,0.021977903549760775
99491,0,0.02401328328169934
63418,1,0.9917665438253689
9073,1,0.05560504182781916
53883,1,0.9942271778728783
108178,0,0.05760652736036081
60940,1,0.7692849457043089
7184,1,0.7979181638705749
41181,1,0.0830267663454221
69223,1,0.9801101659394273
103951,0,0.155078563436552
32081,0,0.05959292912559943
58157,1,0.31578370787952303
54007,1,0.20080364741577988
64032,1,0.6553508177847984
59517,1,0.12799102922393046
36254,0,0.02847382258135886
86992,0,0.03520469990184077
68414,1,0.06961784218926703
13900,0,0.04284387060045393
12612,1,0.6710587549961881
57280,0,0.036504225057689105
23588,0,0.4270564903447354
55177,1,0.8590357960107945
110946,0,0.048137670817203035
8286,1,0.06792964452899845
118817,0,0.37237811438298096
111947,0,0.013978459964921777
64926,1,0.9941952968948178
100874,0,0.011781619778552044
91015,0,0.19812512902390425
60779,1,0.024327714621701177
75987,1,0.9829199169119217
107323,0,0.06885446116914799
83266,0,0.7799729699110114
67503,1,0.9746500936237668
9174,1,0.995695062315919
21702,0,0.008904088789443654
98801,0,0.17828865283296433
1029,0,0.4185123643477642
44127,0,0.0026623489741378955
12801,1,0.1334315175354244
21961,0,0.19266365396591584
102892,0,0.04363483372855021
887,1,0.520684584685185
45950,0,0.005836396588884142
15150,1,0.3663182438729709
31299,0,0.018430218805019632
31419,0,0.15961886328939343
35518,0,0.03461718317201185
3192,0,0.17942002305315213
16128,0,0.02483123691286673
80686,1,0.9827123796184722
60596,1,0.996550174073677
53033,1,0.9849384633684153
99848,0,0.0055978950291672835
25683,0,0.1953403278746022
54784,1,0.99824485693127
44805,0,0.07453232177895561
41254,1,0.4511402583775504
112808,0,0.2597807409425337
118096,0,0.035548513265783926
101149,0,0.08533232231469606
94317,0,0.013119231601154562
21534,0,0.02547039296121667
111300,0,0.013575299049354906
80197,0,0.07270201797735706
92095,0,0.8378611042083114
116743,0,0.8597389678430782
98948,0,0.18148061438827714
55934,1,0.8572648772821967
71593,1,0.9861569214113214
58840,1,0.9756136768165797
100570,0,0.0047253360478195314
110370,0,0.043093690643739246
19911,0,0.011561599864104436
96755,0,0.23300632370788815
96814,0,0.0024866397224617256
32849,0,0.2724032399008394
72186,1,0.9244465900725177
67633,1,0.1796876128143968
37037,0,0.03481939104377214
107924,0,0.03291841961835384
113472,0,0.3435678185566842
50228,1,0.04449078682411816
5768,1,0.7299875112670102
35161,0,0.11592990972653833
81274,0,0.12281098990351333
76533,1,0.9631907352461533
46978,1,0.16478958086701315
82237,0,0.002846352411524525
100447,0,0.008918202840836309
27873,0,0.03399094021797883
119087,0,0.42826083479659793
87530,0,0.11967188108814084
100490,0,0.09525135469049334
108770,0,0.6394642993219777
4829,1,0.028042969274741668
46528,0,0.008256707866586778
69663,1,0.983343013061728
86248,0,0.17129043731790325
45321,1,0.3214675514647148
111344,0,0.03747462234153863
118847,0,0.026851692540665287
80035,1,0.9958999642280534
89727,0,0.029081932246215855
61303,1,0.2789578425826881
14892,1,0.9757412804400413
70148,1,0.9687081493558028
43574,0,0.16875175342232807
69276,1,0.9732478015467875
68890,1,0.014370424813580491
32063,0,0.005279852828702357
77426,0,0.023964634402239674
36977,0,0.08253915666774674
84031,0,0.8784644751228408
98517,0,0.054753216984044464
48987,0,0.04346144266085552
116052,0,0.3130405634004102
99225,0,0.060864337192713995
118811,0,0.21926870262104128
40353,0,0.48877974740229274
117701,0,0.12596875123830376
118205,0,0.04596820173374683
105433,0,0.1339241319767358
44125,0,0.032999122313624424
66909,1,0.6357916360180882
80508,1,0.6975592929470824
80469,0,0.008961108721575904
102841,0,0.022281750280503755
112983,0,0.038500502870449115
33313,0,0.049718507592854365
40944,1,0.014819829413497174
105407,0,0.17626454092841393
103731,0,0.009355105306843498
15756,1,0.3663182438729709
94893,0,0.9045445326440481
25065,0,0.6070664787698986
59498,1,0.004716996133248979
38339,0,0.2165115002412494
117066,0,0.21331602577359274
6003,1,0.013265381774850383
17450,0,0.008330527527303375
115924,0,0.08183971063317744
108705,0,0.37741580709650435
56157,0,0.8389523626904231
104262,0,0.006079094888667481
29722,0,0.12092680537058195
44345,0,0.002251534528710418
31572,0,0.05763471949206256
12375,1,0.0227770025193282
14049,0,0.0010490388420630861
30684,0,0.012682690949584467
114621,0,0.05677283332249691
27831,0,0.6324675995872145
22221,0,0.07157490484565675
7689,1,0.9392613377446561
63670,1,0.20911203275371115
46185,0,0.0045172903722729835
48976,1,0.9932068147337872
3129,0,0.007264781546424328
56311,1,0.9977402212197903
10403,1,0.8729118118255039
41861,0,0.040825309710170926
53894,1,0.6776099280101238
55345,1,0.31554114235937336
115229,0,0.40423569443370855
22061,0,0.010440986547654168
40026,0,0.2806182418846725
6462,1,0.9703073094416312
38777,0,0.7874782700293147
29852,0,0.27518137363856815
91741,0,0.021036519098339476
51937,0,0.08675750595222623
101151,0,0.4770900658795837
109939,0,0.27553356176258526
7320,1,0.7323144134627707
39985,0,0.5186275666712329
96992,0,0.05824253106940279
44435,1,0.9863076179502515
26709,0,0.03415323053684994
1015,1,0.8648273373462366
61670,1,0.04746469253901077
65678,1,0.44834271073464704
81459,0,0.012298597514910673
112762,0,0.011664195093154488
71243,1,0.8209575698303987
73238,1,0.5199978030120344
29464,0,0.039666250649588605
53917,1,0.17430631854857556
27209,0,0.5709402527321712
45018,1,0.8522118318605351
96406,0,0.0392718281173848
113428,0,0.00967588505540298
36858,0,0.08167338321978077
106612,0,0.4174295226570749
46144,0,0.022016938277643634
46850,1,0.18671654751442018
102444,0,0.003956289980016059
70687,1,0.9858445024633925
1222,1,0.3329275794014208
36210,0,0.006181602455701895
62612,1,0.9772618598147688
54045,1,0.9947989632247901
112424,0,0.06436059168657751
30319,0,0.0084757369432665
64023,1,0.4780183105958229
18455,0,0.0041750921515065235
59139,1,0.9886115613637796
66101,1,0.591999236868207
19100,0,0.013152187213306148
17306,0,0.03553702730163546
117700,0,0.8493232270653417
11964,1,0.02546948652916767
45425,0,0.020930563584165705
45506,1,0.2270418597879857
100993,0,0.06344404999954177
71514,1,0.8349141034630411
69169,1,0.039680573968100326
32496,0,0.020216100963869145
69721,1,0.989291519211762
12158,1,0.09349078757924144
7938,1,0.9215742276032302
28719,0,0.02113456393694722
93274,0,0.1973612404625276
12126,1,0.4370103076655793
73108,1,0.842389971149474
55626,1,0.9975920425858849
73507,1,0.7447744963407877
34500,0,0.13129932274705336
17688,0,0.025734940485478426
69365,1,0.9727338038669807
30310,0,0.010641879068116667
80348,1,0.9888238156256818
29736,0,0.029143892894807958
38234,0,0.20718586366121747
76243,1,0.9727985465882469
53080,1,0.9575888916157725
30311,0,0.1624439488291575
31679,0,0.0024168314479598215
100619,0,0.007275002777161798
42407,0,0.04162099039190373
94200,0,0.07737069408716733
116737,0,0.7041003002350721
70994,1,0.014823069212214483
88924,0,0.013118554359752906
72684,1,0.9267121218613844
52989,1,0.7882589723751576
108407,0,0.41696077595180514
43054,0,0.0162655346296077
64715,1,0.9928625045946947
79733,0,0.010429658009241895
16343,0,0.11215992390563413
88677,0,0.041730478742592815
41377,0,0.017746187680057885
84336,0,0.16421902686828563
64246,1,0.7009286578173002
22635,0,0.8521893821678144
28441,0,0.02766275466066002
88294,0,0.017108301707358352
99636,0,0.04239183301039821
83452,0,0.7466366077402294
50192,0,0.7419756979641453
3066,0,0.0048605551536826256
3585,1,0.5058045784398111
14161,0,0.024466912258014298
68383,1,0.6514775710245825
42837,0,0.39628484580243895
10698,1,0.9968837730221889
64279,1,0.4187022975300787
39870,0,0.27734651950078276
7852,1,0.9204921648444077
91814,0,0.23413631488091244
64197,1,0.6509017851777968
43880,1,0.9943012471093979
13491,1,0.9135364509151784
82003,0,0.09107546735455736
105260,0,0.10205981966767474
116986,0,0.6812915778264813
113903,0,0.05778602330774718
68942,1,0.15531876923979965
73652,1,0.573947373407489
90071,0,0.0071152774430515865
8262,0,0.08615798450413761
69699,1,0.11599028702422139
88499,0,0.01980918447808094
70887,1,0.24035337454775196
79599,0,0.005771230536801235
92385,0,0.03481799655176228
508,0,0.007717528827517836
58323,1,0.17080641130771035
88293,0,0.553976760317811
72644,1,0.6210777169857047
37412,0,0.009049906157452539
20416,0,0.141041547226199
39463,0,0.6946713408906257
80140,0,0.05350935348526458
83997,0,0.7438639293298667
97635,0,0.04662510086949137
78877,0,0.003330386866535536
75480,1,0.996922974356775
50193,1,0.36328333242362704
37792,0,0.05399010382324194
70234,1,0.06728442727170625
43761,1,0.22644729322230955
103423,0,0.004685270405581141
74028,1,0.9978164566870993
9392,1,0.9008881051009731
49222,0,0.10460164444828636
69698,1,0.010315385559644046
60851,1,0.9965563894031072
50633,1,0.052677651629496065
111156,0,0.008916288628655332
71411,1,0.31608779055596686
58691,1,0.004870171727007728
58474,1,0.9928305501698149
57004,1,0.014413198771898561
101412,0,0.1583975811015369
82676,1,0.9963207203455954
77730,0,0.01310726637268213
84328,0,0.4611348627115157
31795,0,0.02709004849150583
57203,1,0.9964897674344932
19001,0,0.0027820999971705394
2958,1,0.09252614164363727
84048,0,0.2819049701799514
41368,0,0.026502346522041396
51601,1,0.38333465586256077
4946,0,0.2710915742229599
107420,0,0.03552413061216621
76017,1,0.9752056006821437
94432,0,0.15869784711071436
81399,0,0.005003317060677286
101922,0,0.01782524778363176
9422,1,0.9928017526186165
82586,0,0.0012878133034997527
96383,0,0.13078129556766196
70409,1,0.036104819164324044
44950,0,0.009040509345397001
38066,0,0.785323702235058
17573,0,0.005719988559348965
95678,0,0.8499211217676089
62595,1,0.10249571658725272
24507,0,0.05206404761917429
104831,0,0.08563650861023682
101066,0,0.032957749796576605
29637,0,0.0006878999887694619
66941,1,0.8601469368169905
93282,0,0.01656631488269308
5800,0,0.05462778922869366
15753,1,0.3663182438729709
16760,0,0.6533660488344145
96984,0,0.005149383644504467
38573,0,0.061461946865718806
114678,0,0.003974599077423099
4474,1,0.3447783658110328
25071,0,0.31371161627389965
4504,1,0.7871923660374825
105273,0,0.26131078984923983
87828,0,0.15958620377789756
92966,0,0.24038405562481133
79784,1,0.9888238156256818
70570,1,0.9868114321985479
4597,0,0.7815487962579832
106726,0,0.3308992877967412
68615,1,0.9743395862172309
42564,0,0.04720035947440963
74982,1,0.9675146805543935
44986,0,0.009040509345397001
118726,0,0.4123192731047893
85298,0,0.5417546983835406
70959,1,0.03834025228080332
16045,0,0.018375670083953872
52425,1,0.9914030262079632
109828,0,0.2092693874450171
73116,1,0.5543300268869866
51135,1,0.0633631697706131
83648,0,0.3204356599963609
1160,1,0.47303525481759007
10363,1,0.7689729454359644
31046,0,0.007878984653293985
102621,0,0.025776286643090056
46768,1,0.513751378933588
37557,0,0.00889175472386831
55233,1,0.6426719860896359
88681,0,0.006239703585258852
38327,0,0.5303883047897927
80931,0,0.005651130023718459
102140,0,0.03512427411121713
16586,0,0.7067195717188349
53808,1,0.9885166306895096
62231,1,0.5033777938997552
80053,1,0.9766968395583342
77108,0,0.024069415733229856
65970,1,0.620421256383766
23837,0,0.0014259454882762659
60196,1,0.9977454767945327
59245,1,0.06158473392168972
8077,1,0.9002729793561347
74183,1,0.9928989188832076
112595,0,0.058196027647986495
41021,0,0.043287249214921886
60834,1,0.3742825963289417
35935,0,0.1276819882728985
59067,1,0.9900693677567804
84536,0,0.32781750505809265
100811,0,0.001592291717386425
5284,1,0.9891816597994944
20567,0,0.020723503630029977
111499,0,0.01690555861449513
13772,1,0.9276564897527098
100983,0,0.00831450519786321
23719,0,0.139525638439971
80143,1,0.9921141724562635
21581,0,0.004723739553841626
106832,0,0.031109371881740726
54813,1,0.9980382010090899
3961,0,0.5719008580494774
89299,0,0.0039890369397561866
80701,1,0.9827123796184722
83205,0,0.08032937963985805
86337,0,0.07357882407319082
59764,1,0.38022404983712754
101808,0,0.05777952396032757
79374,1,0.9971019399580398
31696,0,0.019496119806631747
84856,0,0.12124033228108481
28379,0,0.11099730713172466
108194,0,0.07717409501004202
61821,1,0.01666940553069768
54820,1,0.9980382010090899
85627,0,0.020767674215548433
52301,1,0.3827698157038418
93939,0,0.5549321416298283
13840,0,0.034695915968062076
79565,0,0.006409290060084181
65991,1,0.13790338162002336
108746,0,0.8662528056182793
79131,0,0.006152062385835452
117116,0,0.6785788506884339
117791,0,0.09507267532712504
104705,0,0.020906192272832837
59277,1,0.007662592339777245
116179,0,0.10853537456903938
9581,1,0.004484000975448697
85895,0,0.03226501343374224
61620,1,0.9950745185614075
95346,0,0.5952275410303569
65447,1,0.9875884145207993
30291,0,0.5376590003301779
41663,1,0.1416182125263101
18949,0,0.016540809828798877
41410,0,0.05913848349447243
66428,1,0.7009576310874542
22080,0,0.3729828720679123
5370,1,0.6430265990014127
89007,0,0.01725832553997654
89503,0,0.5066180264932797
100098,0,0.07163886834026041
34694,0,0.06690059490778996
115349,0,0.47317895067017857
48641,1,0.9925518551796981
118699,0,0.28051728303884105
71102,1,0.034580080224323705
113299,0,0.037533655462036734
118382,0,0.2914046505869441
71677,1,0.14925713089304157
51259,0,0.008963219271231495
13686,1,0.9407802650388363
20078,0,0.012072804172285505
21943,0,0.031872236350925565
71483,1,0.3835586915861749
