booking_id,y,p_cancel,order_flip_raw
50260,1,0.11429810276688057,0.0
94659,0,0.09262930645911427,0.0
80378,1,0.24495631086554884,0.0
22296,0,0.13652636602772542,0.0
92626,0,0.08264457733290227,0.0
21375,0,0.06949674482891026,0.0
66554,1,0.16657880974916695,0.0
17705,0,0.09801781905520761,0.0
119125,0,0.08750827211931544,0.0
68523,1,0.12077933529722004,0.0
23341,0,0.12932438532239332,0.0
95542,0,0.04143463903217579,0.0
23292,0,0.1499401156559072,0.0
101471,0,0.06949673272055776,0.0
18439,0,0.058307635649111705,0.0
52211,1,0.10514506187535123,0.0
74810,1,0.1918249746217373,0.0
93744,0,0.09395093929446009,0.0
88232,0,0.12757519191571912,0.0
95206,0,0.10224086137011203,0.0
26614,0,0.04955624661613742,0.0
90963,0,0.09940793584154939,0.0
8862,1,0.10662432588862274,0.0
111681,0,0.06556221303101462,0.0
48015,1,0.0887640325391218,0.0
73290,1,0.06274829003510968,0.0
39851,0,0.053368184174191494,0.0
91999,0,0.07802811257093747,0.0
104789,0,0.0952894788879638,0.0
6203,1,0.033063732351247085,0.0
47415,1,0.14025233801700454,0.0
95794,0,0.1622854752147282,0.0
33149,0,0.05416309254475967,0.0
46813,1,0.08383693964407174,0.0
65405,1,0.10224085254256127,0.0
41339,0,0.11750000217834537,0.0
38918,0,0.03619578104595697,0.0
8885,1,0.09940794351790551,0.0
60852,1,0.1665788356084867,0.0
10106,1,0.0446511934950041,0.0
60194,1,0.0791595986109421,0.0
25354,0,0.0736487949486072,0.0
112045,0,0.08876399629502253,0.0
107560,0,0.16657884715909224,0.0
95064,0,0.13288405170057066,0.0
104370,0,0.1800039941797154,0.0
117308,0,0.0466939803969754,0.0
112297,0,0.09003599784607788,0.0
117089,0,0.03512127091507574,0.0
6521,0,0.07691144735712299,0.0
24872,0,0.045322473405092434,0.0
95805,0,0.3737130739809239,0.0
62141,1,0.0939509771390529,0.0
24145,0,0.037301909435924624,0.0
66704,1,0.10368395213045592,0.0
2383,0,0.07051399925337641,0.0
73766,1,0.2688046869109695,0.0
71718,1,0.07154498771307309,0.0
115801,0,0.10812184449060369,0.0
58919,1,0.07691143537625098,0.0
103419,0,0.0887640316765049,0.0
39535,0,0.13837884031890077,0.0
96122,0,0.08030607056224212,0.0
83919,0,0.14795947873076568,0.0
82332,1,0.3105454098808078,0.0
1114,0,0.052584301196722506,0.0
28510,0,0.07258986515126901,0.0
109913,0,0.09132437164071466,0.0
91360,0,0.0980177910893788,0.0
117775,0,0.14025235980152587,0.0
26616,0,0.060935369788016204,0.0
5203,0,0.021933324275841083,0.0
82471,0,0.061835621776771196,0.0
106979,0,0.12413738540905005,0.0
74525,1,0.13837884468111075,0.0
90237,0,0.040818467023469744,0.0
63458,1,0.14214705951439488,0.0
16678,0,0.07154497251233576,0.0
56856,1,0.10514509219466285,0.0
20896,0,0.12413738881214378,0.0
21130,0,0.22529516918590906,0.0
36030,0,0.09801780298850056,0.0
24125,0,0.12757517537651744,0.0
28617,0,0.05917152293931597,0.0
75104,1,0.13469480439976483,0.0
102750,0,0.10662429750791846,0.0
27639,0,0.02478134923688231,0.0
38941,0,0.06652596685947457,0.0
81127,0,0.06750291165503995,0.0
29765,0,0.08750830361519146,0.0
5178,1,0.0609353615605902,0.0
40511,0,0.06849309355776606,0.0
81018,0,0.13469483171997748,0.0
82578,0,0.0826445932309467,0.0
15410,0,0.07051398975108254,0.0
14595,0,0.08264459175397654,0.0
46972,1,0.14406307225490775,0.0
114240,0,0.14214704125633712,0.0
58196,1,0.07051398379229935,0.0
116534,0,0.03565462469229992,0.0
23410,0,0.05917152934099864,0.0
50131,1,0.16228542804606477,0.0
34739,0,0.028851408090875115,0.0
43523,0,0.0939509718292797,0.0
4391,1,0.0814676867684731,0.0
65993,1,0.08383693206349713,0.0
18090,0,0.1207793433375217,0.0
82121,1,0.1460005101376467,0.0
74219,1,0.22257980138114833,0.0
99133,0,0.1310939763993761,0.0
2630,1,0.16442090145222904,0.0
104855,0,0.15396695078092174,0.0
27822,0,0.0826445778790088,0.0
34516,0,0.06949675656976384,0.0
33677,0,0.060047393853323874,0.0
23133,0,0.08030607358923907,0.0
2995,0,0.10963786894266464,0.0
2781,1,0.17543745284201612,0.0
94192,0,0.15601330734340502,0.0
1583,0,0.11749998334334692,0.0
12313,1,0.10368399905310655,0.0
73735,1,0.2627070509873851,0.0
68627,1,0.07258986419181557,0.0
28147,0,0.04882545877685977,0.0
76703,0,0.09003598193627292,0.0
511,1,0.034595597086877206,0.0
22824,0,0.09664505282137127,0.0
49550,1,0.11117244516391528,0.0
27125,0,0.04269375796225427,0.0
60652,1,0.1499401390033849,0.0
55125,1,0.09395094947766448,0.0
47452,1,0.11912993960184383,0.0
25484,0,0.08264457169118099,0.0
77692,0,0.10368397103884097,0.0
90871,0,0.061835626458808156,0.0
58201,1,0.07154498394067912,0.0
9023,1,0.1310939587738657,0.0
304,0,0.09664503769251401,0.0
18753,0,0.24207798977184164,0.0
40917,0,0.11749999881132846,0.0
16834,0,0.08876402564900115,0.0
91183,0,0.072589878602569,0.0
84524,0,0.07154497555939439,0.0
33533,0,0.05416309857919479,0.0
43929,0,0.04269376113305965,0.0
47918,0,0.12932440136267345,0.0
110316,0,0.11912989255901266,0.0
56346,1,0.07915960742204509,0.0
52197,1,0.1275751850667313,0.0
104708,0,0.14994012686583996,0.0
99689,0,0.1777092272779491,0.0
79390,1,0.3414260381683093,0.0
69348,1,0.07580944221306186,0.0
30408,0,0.08146768641252909,0.0
73187,1,0.09262931260033012,0.0
19179,1,0.20935449269400916,0.0
10166,1,0.0862686247894988,0.0
16051,0,0.024781344392337763,0.0
45533,0,0.07364881166797006,0.0
109910,0,0.12932439756289965,0.0
246,0,0.04882548094639045,0.0
89162,0,0.1051450673788489,0.0
60182,1,0.0791595986109421,0.0
28538,0,0.05917151040485795,0.0
68885,1,0.12584622342567398,0.0
56027,1,0.1066243204146255,0.0
3100,0,0.05745561101574707,0.0
89316,0,0.07802812728181922,0.0
116796,0,0.13469484403568227,0.0
43555,1,0.12077936554994446,0.0
107883,0,0.1499401751072071,0.0
94799,0,0.09262929045303031,0.0
60648,1,0.07915960804164877,0.0
28213,0,0.08750826453653267,0.0
58937,1,0.10514505939958929,0.0
66441,1,0.09940793685545415,0.0
15929,0,0.04081848501219853,0.0
61667,1,0.1036839447208662,0.0
106216,0,0.07802811621597597,0.0
83532,0,0.1754374206378371,0.0
29751,0,0.14600047084372494,0.0
85930,0,0.0736487942036354,0.0
18903,0,0.10812186402753683,0.0
72932,1,0.10662430219193865,0.0
104905,0,0.13469482114294382,0.0
106104,0,0.11272581455203612,0.0
20249,0,0.06949674781408618,0.0
80376,1,0.24495631086554884,0.0
72920,1,0.07802812117881622,0.0
48250,1,0.140252349128629,0.0
24139,0,0.037301909435924624,0.0
11945,1,0.11117247254920078,0.0
50687,0,0.09262929147368683,0.0
70215,1,0.1224484316150163,0.0
23174,0,0.07691145233460894,0.0
96415,0,0.08750827594280677,0.0
1848,0,0.07915959344834725,0.0
60590,1,0.08146769809817843,0.0
3736,0,0.040211095313679016,0.0
79119,0,0.12584622778984159,0.0
90150,0,0.04333694639649986,0.0
74211,1,0.2280340676449853,0.0
35189,0,0.03112284901689674,0.0
17277,0,0.02031850314431896,0.0
64461,1,0.10662432813080878,0.0
84836,0,0.060047388176873336,0.0
68429,1,0.09528947843414419,0.0
91858,0,0.11588946358617068,0.0
94250,0,0.09395095096552167,0.0
58670,1,0.12932438074083166,0.0
75665,1,0.18466277005363443,0.0
5613,1,0.129324381972399,0.0
98271,0,0.16017247397451723,0.0
104472,0,0.10963785835996696,0.0
112974,0,0.060935371443826936,0.0
31866,0,0.09664504736700395,0.0
107084,0,0.07472193018017982,0.0
81028,1,0.13469479238333762,0.0
37692,0,0.04269375432198589,0.0
103349,0,0.02367338526794015,0.0
66228,1,0.08876399792859434,0.0
109274,0,0.06849309483019064,0.0
18749,0,0.0939509490929646,0.0
41667,0,0.047394457300100376,0.0
105426,0,0.08750829722408837,0.0
19597,0,0.16228544623857047,0.0
115310,0,0.11429808046943338,0.0
1593,1,0.11912990783016479,0.0
70387,1,0.1051450944731988,0.0
91623,0,0.03356693087486977,0.0
113824,0,0.11429808963573508,0.0
87336,0,0.17318857072884805,0.0
60888,1,0.16657881789101459,0.0
42057,0,0.10662430219193865,0.0
12924,1,0.11272583074034134,0.0
21441,0,0.1460005204912724,0.0
27666,0,0.2017012223883789,0.0
16426,0,0.09395093820500627,0.0
89576,0,0.15601329595724087,0.0
45283,0,0.12413735421537894,0.0
71916,1,0.0875083092741028,0.0
105912,0,0.10963787596314215,0.0
106234,0,0.12757520436192815,0.0
145,0,0.10812187903447505,0.0
64650,1,0.0862686411715681,0.0
90880,0,0.07691144735712299,0.0
29758,0,0.039612365484370096,0.0
76958,0,0.1800039633852768,0.0
1074,0,0.09262930377729159,0.0
54075,1,0.06652599675540022,0.0
101185,0,0.19671628292280924,0.0
66249,1,0.11272580905929802,0.0
73261,1,0.08750827540074362,0.0
13749,1,0.1142980829910962,0.0
52248,1,0.03565462441540648,0.0
54627,1,0.0791596121162752,0.0
87373,0,0.061835623254464935,0.0
110895,0,0.1022408579632771,0.0
30449,0,0.13109399127702728,0.0
12800,1,0.07472194658304568,0.0
111555,0,0.11912988140316166,0.0
104821,0,0.13652636602772542,0.0
77278,0,0.13837882410464195,0.0
90445,0,0.03674483810569824,0.0
12093,1,0.046693988673836895,0.0
7961,1,0.03407751493838522,0.0
87984,0,0.09528948609764337,0.0
37487,0,0.046003381482862815,0.0
18766,0,0.12757517654325445,0.0
100591,0,0.11912992480760459,0.0
74768,1,0.15194257793305577,0.0
28749,0,0.14214707382024575,0.0
21305,0,0.06367351481672419,0.0
109345,0,0.12244844765207527,0.0
65578,1,0.1310940009483094,0.0
87944,0,0.10081554132506074,0.0
109920,0,0.09940793418148867,0.0
80907,0,0.10368395215141753,0.0
83628,0,0.0694967545651388,0.0
6775,0,0.044651198363917365,0.0
110010,0,0.037867074124833144,0.0
77206,1,0.44922048312794216,1.0
75883,1,0.09132437544045793,0.0
82662,0,0.0900360023129219,0.0
102171,0,0.11117243451683463,0.0
95977,0,0.11117246400085273,0.0
846,1,0.11588942942772676,0.0
89829,0,0.11912988140316166,0.0
97649,0,0.10812188657429812,0.0
55312,1,0.15601328916060722,0.0
11713,1,0.08876401683222808,0.0
17631,0,0.08750828552448474,0.0
84430,0,0.07472192638655972,0.0
7285,1,0.07154497523841288,0.0
84997,0,0.13109398223987548,0.0
21853,0,0.11912987928228261,0.0
13352,1,0.041434640274071226,0.0
37547,0,0.06274827527283841,0.0
103114,0,0.10514509204991442,0.0
102395,0,0.13469484235764595,0.0
115518,0,0.11272581319936453,0.0
103365,0,0.10224085830220747,0.0
7595,1,0.11117247531072735,0.0
116130,0,0.046003374426280226,0.0
47840,1,0.1421470483968403,0.0
73457,1,0.08750827260974318,0.0
77424,0,0.11429809364969819,0.0
31650,0,0.07691144079701305,0.0
116570,0,0.09003599784607788,0.0
64157,1,0.12244843081380469,0.0
67874,1,0.09664505750473332,0.0
40544,0,0.11912991563424175,0.0
79501,0,0.10812187443308618,0.0
14711,1,0.32408298553610826,0.0
58809,1,0.08626863128495099,0.0
59670,1,0.13837881359024506,0.0
99432,0,0.06949674291580049,0.0
98277,0,0.06949674528230922,0.0
76342,0,0.06750291165503995,0.0
101617,0,0.1823218386848002,0.0
37874,0,0.08264459048496825,0.0
100706,0,0.07802809823260974,0.0
32722,0,0.07364880512566963,0.0
74015,1,0.1224484424233711,0.0
12457,1,0.0636735275758038,0.0
94638,0,0.04081846270956735,0.0
83223,0,0.18466276139847465,0.0
76299,0,0.09528948903665113,0.0
94714,0,0.15808174971239006,0.0
18913,0,0.09132437377556425,0.0
76374,1,0.35920399623908855,0.0
116368,0,0.16228545775781367,0.0
28727,0,0.12584626365188561,0.0
43717,0,0.03786707932133325,0.0
62476,1,0.12584625129294055,0.0
3578,1,0.12077934580438804,0.0
92918,0,0.07051400286686886,0.0
84080,0,0.12077936554994446,0.0
110694,0,0.07472194326908232,0.0
92009,0,0.08504491607157706,0.0
112586,0,0.0952894947393488,0.0
23996,0,0.041434637379686785,0.0
78287,0,0.12244844664741511,0.0
78804,0,0.07915959411528618,0.0
17764,0,0.02403722867846994,0.0
98994,0,0.14025233887373367,0.0
90384,0,0.10812185337852216,0.0
98516,0,0.14795948187697294,0.0
115048,0,0.11429811366850785,0.0
71465,1,0.07258987516114271,0.0
67568,1,0.06949674271653784,0.0
68850,1,0.08146768164886864,0.0
20429,0,0.09664503233057285,0.0
34702,0,0.1499401544315059,0.0
42124,0,0.14025235855306126,0.0
39996,0,0.019705688788099897,0.0
32039,0,0.0814677156246475,0.0
60591,1,0.09940792351532661,0.0
60528,1,0.12077936628550384,0.0
89147,0,0.06652596268979255,0.0
88380,0,0.09132436334871945,0.0
80689,1,0.09664504047695707,0.0
3747,1,0.05496914816540896,0.0
63960,1,0.10514507902752143,0.0
26326,0,0.11912992286252636,0.0
87738,0,0.08504492824979602,0.0
57245,1,0.09262930282849069,0.0
112084,0,0.09664504066259187,0.0
34584,0,0.026337509423840118,0.0
44449,1,0.09132437482151688,0.0
19,0,0.10081555897768915,0.0
60934,1,0.050297383043093676,0.0
10853,1,0.03844046568584984,0.0
5397,1,0.11429811709809178,0.0
63123,1,0.1191299292468783,0.0
23107,0,0.11429811077174375,0.0
112675,0,0.0814677044774039,0.0
46065,1,0.09940793685545415,0.0
12522,1,0.10662433988329176,0.0
19636,0,0.06274828352243533,0.0
31268,0,0.1258462351230942,0.0
94983,0,0.05258429338237423,0.0
93097,0,0.10514507021853572,0.0
81129,0,0.07051399728613061,0.0
57615,1,0.07258986366368064,0.0
17366,0,0.07364881177997026,0.0
31858,0,0.11117246458339028,0.0
112989,0,0.0887640325391218,0.0
15996,0,0.06004737433763971,0.0
5283,1,0.0684930934271174,0.0
79180,1,0.30059937081766297,0.0
81669,1,0.20170118410095567,0.0
69581,1,0.06750288801406075,0.0
42973,0,0.1293243639046332,0.0
28072,0,0.038440472945004696,0.0
35610,0,0.09664505270861866,0.0
15825,0,0.037867073323610355,0.0
112817,0,0.19182493083165042,0.0
94790,0,0.19919698971043606,0.0
111798,0,0.03207909300637036,0.0
57426,0,0.03407751493838522,0.0
109969,0,0.0725898653087467,0.0
29494,0,0.07691143592393836,0.0
68510,1,0.07364880465061509,0.0
39649,0,0.08504489948135531,0.0
48538,1,0.02841682099508693,0.0
118692,0,0.023673394425967612,0.0
29435,0,0.09940790506887444,0.0
41350,0,0.08504489584321931,0.0
110847,0,0.09528947688733118,0.0
112131,0,0.16228545426633204,0.0
87310,0,0.2067799120944856,0.0
50553,1,0.14600051048717302,0.0
89851,0,0.10368396515471433,0.0
82133,0,0.05104902375911678,0.0
90380,0,0.06652597317618236,0.0
105707,0,0.06652598126974747,0.0
56554,1,0.10963785236821326,0.0
203,0,0.06093536568892723,0.0
60359,1,0.08264458578310792,0.0
32368,0,0.09262931528184722,0.0
58740,1,0.14600050630742784,0.0
84239,0,0.11117246330328154,0.0
20734,0,0.03512126931199639,0.0
102579,0,0.059171500027442876,0.0
101193,0,0.10081555113760937,0.0
38203,0,0.0980178121928057,0.0
44504,0,0.09395094381253503,0.0
45098,0,0.10081555643287038,0.0
70921,1,0.09801781385662298,0.0
72259,1,0.028851409960012238,0.0
95084,0,0.09395097404101418,0.0
98765,0,0.09528946762417344,0.0
28178,0,0.08626862406798907,0.0
82408,0,0.06949675888798652,0.0
79294,0,0.10368397108177853,0.0
114134,0,0.10224084496621516,0.0
93046,0,0.05258430317882124,0.0
61819,1,0.12244844664741511,0.0
88406,0,0.05745560778685528,0.0
6187,1,0.033063732351247085,0.0
33220,0,0.08264459843054363,0.0
62996,1,0.06367350556047445,0.0
67557,1,0.09664503732789442,0.0
102124,0,0.11117244516391528,0.0
112774,0,0.04333696611185735,0.0
35108,0,0.13288405170057066,0.0
75234,1,0.10963784870329382,0.0
109444,0,0.06750288801406075,0.0
38421,0,0.08626861318512188,0.0
2659,1,0.18466275184891945,0.0
11647,1,0.1081218741418213,0.0
103257,0,0.08876401315341721,0.0
24807,0,0.10514506323535702,0.0
49504,1,0.06093537227545338,0.0
96295,0,0.08504489754820628,0.0
29928,0,0.18466273660078483,0.0
63120,1,0.1191299292468783,0.0
37652,0,0.12077937393141955,0.0
50824,0,0.06274830477716566,0.0
35345,0,0.07472192705159077,0.0
40051,1,0.10081555643287038,0.0
107960,0,0.027566626056670887,0.0
101834,0,0.08876401683222808,0.0
77425,0,0.050297404274628976,0.0
43747,0,0.04669399295337842,0.0
15472,0,0.01383911047313105,0.0
49341,1,0.0715449906194273,0.0
101969,0,0.11588941767119762,0.0
110296,0,0.17096259552099416,0.0
70199,1,0.08876401683222808,0.0
99444,0,0.1008155653767553,0.0
81353,0,0.12757520477877907,0.0
27188,0,0.09132437278534912,0.0
99305,0,0.10514508696553569,0.0
82669,0,0.08146768656702107,0.0
116565,0,0.07580942130261512,0.0
23869,0,0.16228548079803307,0.0
67841,1,0.19671628823259357,0.0
97734,0,0.08146768876046646,0.0
12231,1,0.027566632849351205,0.0
30656,0,0.10963783387766043,0.0
65607,1,0.1310940009483094,0.0
1905,1,0.049556246921805026,0.0
104542,0,0.14406306684013975,0.0
105695,0,0.11749997930636,0.0
107296,1,0.17770919080903716,0.0
98149,0,0.09528948530236121,0.0
40863,1,0.09664506620113576,0.0
64523,1,0.11429810540739707,0.0
27076,0,0.09132436843262885,0.0
117156,0,0.08626865280270757,0.0
71717,1,0.10812184581142517,0.0
79667,0,0.14795950476356845,0.0
69234,1,0.06750290968011095,0.0
77854,1,0.19919700337700685,0.0
93766,0,0.04143463796311154,0.0
4912,1,0.08626865767849201,0.0
42386,0,0.08876401200720961,0.0
118785,0,0.14795946900641738,0.0
17222,0,0.060935376054554305,0.0
98248,0,0.09801784099529276,0.0
46463,1,0.11749999495140612,0.0
19777,0,0.09801781746215,0.0
39642,0,0.12584621425132994,0.0
93622,0,0.09262929817308285,0.0
53414,1,0.11588943556644662,0.0
42674,0,0.0665259858550942,0.0
16377,0,0.05416307312630358,0.0
69190,1,0.09262931774397516,0.0
117905,0,0.054163089491339675,0.0
5933,1,0.10812187639585714,0.0
38725,0,0.05029739145003019,0.0
96400,0,0.08264459811280886,0.0
4481,1,0.12077934171438501,0.0
30979,0,0.05029739129693232,0.0
4271,1,0.053368179093410885,0.0
43964,1,0.08504492108034906,0.0
73730,1,0.2627070509873851,0.0
97804,0,0.11272583317760669,0.0
69545,1,0.06849308992123317,0.0
26084,0,0.040211080462176405,0.0
7145,1,0.08383696699480911,0.0
55871,1,0.08626862042975611,0.0
64751,1,0.11429807759568791,0.0
47817,1,0.17770923790010787,0.0
73787,1,0.21195262539565138,0.0
55361,0,0.09940793872328715,0.0
79019,0,0.17096260739201,0.0
113788,0,0.07580942713069648,0.0
21009,0,0.11117247682386927,0.0
51154,1,0.13288408034419816,0.0
11098,1,0.11117244999209233,0.0
1159,0,0.14214704595781893,0.0
34339,0,0.16657878469785437,0.0
58625,1,0.07802810308330402,0.0
47046,1,0.12244846810961736,0.0
44424,1,0.09132437482151688,0.0
76398,1,0.3996447397748482,0.0
85027,0,0.02403722475514173,0.0
69279,1,0.07154497534421354,0.0
111617,0,0.09003597569732727,0.0
46234,0,0.08876401748540677,0.0
71832,1,0.13109397036659706,0.0
3434,1,0.10368398329884786,0.0
96457,0,0.08146769209905806,0.0
49141,1,0.12244847284574076,0.0
32002,0,0.06849309535963259,0.0
13490,1,0.09395094647136923,0.0
60137,1,0.0791595986109421,0.0
39144,0,0.057455602846612254,0.0
3176,0,0.09262931071755795,0.0
76307,0,0.04205969519055823,0.0
104150,0,0.09801782277925729,0.0
49101,1,0.1293244088453859,0.0
21151,0,0.051049028402195946,0.0
109613,0,0.04882546651086726,0.0
64550,1,0.11429810540739707,0.0
88103,0,0.06750288426222935,0.0
50566,1,0.11117246360560429,0.0
117802,0,0.04465119136517963,0.0
12371,1,0.07802811309305929,0.0
48535,1,0.12932440465027567,0.0
102897,0,0.0862686375286924,0.0
66084,1,0.13837883130977413,0.0
63959,1,0.11588944431288349,0.0
17708,0,0.08030606975590279,0.0
107144,0,0.16228542861770545,0.0
119010,0,0.034077528545149095,0.0
10209,1,0.07580942524065774,0.0
62637,1,0.08750828530777562,0.0
96888,0,0.10081555209531733,0.0
75333,1,0.11429810276734093,0.0
41295,1,0.03407753005179633,0.0
105783,0,0.14406305080017182,0.0
23099,0,0.11588941465653824,0.0
29210,0,0.0665259838797953,0.0
11337,1,0.03207910550268239,0.0
7890,1,0.10081555897768915,0.0
100156,0,0.11272580869907084,0.0
74062,1,0.13652635520307102,0.0
58122,1,0.11749999533722387,0.0
27789,0,0.06556220764810304,0.0
55176,1,0.09262928642850067,0.0
28261,0,0.07258988200566686,0.0
25762,0,0.08383696699480911,0.0
95081,0,0.08264460346217166,0.0
79026,0,0.08750827594280677,0.0
8423,1,0.11588942164334287,0.0
43692,0,0.03786707932133325,0.0
37865,0,0.035121279214995374,0.0
50976,1,0.10514506185701704,0.0
57899,1,0.12413736590141035,0.0
52758,1,0.15194259140094732,0.0
37293,0,0.12413735028937216,0.0
1388,1,0.04398939540579543,0.0
368,0,0.07691143034710955,0.0
18265,0,0.11429809361397433,0.0
3835,1,0.040818468098482455,0.0
42409,0,0.1096378822089037,0.0
37021,0,0.10224086247789693,0.0
15117,1,0.114298089233013,0.0
59777,1,0.09395095096552167,0.0
83660,0,0.08750830361519146,0.0
520,0,0.11912990146953079,0.0
7636,1,0.07915961591192777,0.0
21911,0,0.09003598193627292,0.0
56315,1,0.09528948484313146,0.0
11078,1,0.11750000787715054,0.0
33516,0,0.10662431187593528,0.0
27128,1,0.11749998474081627,0.0
56588,1,0.0850448920053002,0.0
2609,1,0.11272580814281077,0.0
105106,0,0.10224086684091656,0.0
96006,0,0.07691144079701305,0.0
88317,0,0.06183563980134506,0.0
29855,0,0.09664504736700395,0.0
64758,1,0.1022408331273614,0.0
78660,0,0.12932438518475603,0.0
11495,1,0.11272584438349689,0.0
43954,1,0.10963787343110908,0.0
65436,1,0.1479594726518727,0.0
36093,0,0.10514508101335135,0.0
30058,0,0.10812185337852216,0.0
66105,1,0.07915961795192611,0.0
106065,0,0.15194260239938875,0.0
112618,0,0.11912991421523188,0.0
45241,0,0.12413735421537894,0.0
78024,1,0.05104903601095336,0.0
44928,1,0.11750000538137102,0.0
53909,1,0.12413737472629872,0.0
40309,1,0.04398939653300784,0.0
54622,1,0.09132435742342943,0.0
22482,0,0.07472194176603385,0.0
108015,0,0.06461144460123633,0.0
82654,0,0.17096261219945583,0.0
91302,0,0.10812184440219812,0.0
68193,1,0.072589852655598,0.0
30707,0,0.04333694834353724,0.0
63611,1,0.10514508696553569,0.0
116370,0,0.09132436566938522,0.0
94316,0,0.0850448920053002,0.0
105132,0,0.08626863441029871,0.0
71407,1,0.14795946900641738,0.0
29942,0,0.08146769715822752,0.0
14169,0,0.06750290368822812,0.0
87922,0,0.15194259559440826,0.0
48202,1,0.15601331751380645,0.0
40158,1,0.027150857856533938,0.0
56727,1,0.10368396515471433,0.0
34729,0,0.056615257696050914,0.0
101269,0,0.07154498439584098,0.0
52415,1,0.0900359830930352,0.0
47384,1,0.10662430382863626,0.0
109513,0,0.17318854994499394,0.0
69340,1,0.07580944221306186,0.0
42473,0,0.09940791822233673,0.0
67509,1,0.06183562760149228,0.0
11833,1,0.09940792525178263,0.0
33036,0,0.05029738589021854,0.0
88482,0,0.08146768876046646,0.0
59214,0,0.13109398223987548,0.0
11453,1,0.04882548094639045,0.0
101381,0,0.10368395215141753,0.0
30762,0,0.05917152293931597,0.0
60749,1,0.08626864229772643,0.0
46906,0,0.1022408331273614,0.0
42863,0,0.1328840804894473,0.0
68282,1,0.08146769256496704,0.0
9773,1,0.1310939705852946,0.0
113124,0,0.09801782238951616,0.0
33795,0,0.11588945081950225,0.0
57985,1,0.10812185384651044,0.0
14680,1,0.32408298553610826,0.0
91830,0,0.08876401337050589,0.0
14812,1,0.11117245072668995,0.0
27481,0,0.03844046752796943,0.0
27752,0,0.02929245543689167,0.0
32671,0,0.04955624587502575,0.0
60055,1,0.1402523815005087,0.0
39491,0,0.10514509292182787,0.0
90057,0,0.07915960742204509,0.0
99934,0,0.13288407676809355,0.0
110864,0,0.04143464406051681,0.0
79514,0,0.1560132809779177,0.0
5187,1,0.05578649272350994,0.0
88460,0,0.12077937393141955,0.0
113784,0,0.08030609610178871,0.0
118130,0,0.17096258971452197,0.0
81841,1,0.28762532469961505,0.0
7168,1,0.08146767972697534,0.0
48147,1,0.16657880560942853,0.0
25246,0,0.03786708855380462,0.0
64950,1,0.12077936654927807,0.0
41546,0,0.0453224778295934,0.0
51331,1,0.0591715139745259,0.0
110320,0,0.08264461382447727,0.0
6526,1,0.10963786382435281,0.0
14186,0,0.051811289121915086,0.0
672,1,0.14025235366360728,0.0
14156,0,0.026337503887219352,0.0
48848,1,0.17318858322927158,0.0
113632,0,0.09940791822233673,0.0
95986,0,0.07802809569475792,0.0
98825,0,0.1346948446929043,0.0
85541,0,0.13652636390889264,0.0
102940,0,0.08030606912186106,0.0
114367,0,0.08876401773552593,0.0
18056,0,0.08146770997718242,0.0
93393,0,0.11749998858616767,0.0
118273,0,0.13837885957791676,0.0
19676,0,0.1440630343389746,0.0
111611,0,0.0390221912488194,0.0
47,0,0.05661525237558541,0.0
19381,0,0.06652596685947457,0.0
118163,0,0.07051398005565376,0.0
83186,0,0.17543743356505653,0.0
88270,0,0.201701213672566,0.0
25413,0,0.14214707844076782,0.0
93223,0,0.10514506576423908,0.0
114813,0,0.08264457733290227,0.0
59651,1,0.09801780166441032,0.0
35484,0,0.09528947999663866,0.0
15326,0,0.0715449883550362,0.0
18743,0,0.08876401158642097,0.0
92978,0,0.10368397137811476,0.0
8278,1,0.14994016274343702,0.0
70598,1,0.07364880987795254,0.0
107627,0,0.1081218380489242,0.0
17805,0,0.1174999973525582,0.0
31425,0,0.10662432872945285,0.0
67017,1,0.08030607358923907,0.0
79727,0,0.17770923413070608,0.0
72128,1,0.10812184815978614,0.0
53497,1,0.10368395760813383,0.0
62167,1,0.09940793805610362,0.0
112632,0,0.12413736289804261,0.0
8353,1,0.05917153122227408,0.0
17033,0,0.1224484552130233,0.0
2535,0,0.025939773537464617,0.0
35724,0,0.05416309486196516,0.0
24761,0,0.021600624466250672,0.0
112484,0,0.0850449068632163,0.0
79764,0,0.09262928205661772,0.0
68028,1,0.11749999270369466,0.0
26296,0,0.11272579534992273,0.0
96817,0,0.16442085521151942,0.0
105620,0,0.07472192536819944,0.0
33142,0,0.09003597506313483,0.0
78796,0,0.07915959411528618,0.0
72077,1,0.10812186402753683,0.0
45473,0,0.09132436387099759,0.0
66069,1,0.11117244625008436,0.0
18964,0,0.14406307801195406,0.0
7783,1,0.08876399629502253,0.0
88312,0,0.10368394698370538,0.0
113102,0,0.1777092256291515,0.0
81576,1,0.19671627645875858,0.0
51301,1,0.18466276139847465,0.0
20798,0,0.07364878877972476,0.0
118133,0,0.03619577254234235,0.0
84588,0,0.19182495907876113,0.0
35025,0,0.09664505638625924,0.0
58195,1,0.08146769486085709,0.0
116726,0,0.09003598088770559,0.0
18322,0,0.06652598303417867,0.0
23026,0,0.06556220498428406,0.0
18888,0,0.10081556173390302,0.0
59883,1,0.15808177073276203,0.0
59996,1,0.14406305987051307,0.0
57717,1,0.06849310073562397,0.0
72624,1,0.04333694996230093,0.0
36499,0,0.05258430509444984,0.0
118201,0,0.07915959582837791,0.0
29818,0,0.1022408579632771,0.0
62181,1,0.10514508921534006,0.0
59656,1,0.08750827324498246,0.0
21494,0,0.09664507256911785,0.0
1653,1,0.11588944704938335,0.0
87208,0,0.052584283961324585,0.0
90945,0,0.11912992989687615,0.0
80265,1,0.2537292507325264,0.0
35450,0,0.07691142753751617,0.0
65271,1,0.14795949519466586,0.0
45162,0,0.08383696200584834,0.0
115636,0,0.08030608377414435,0.0
74822,1,0.2749910388347999,0.0
77462,0,0.11588943200562375,0.0
67806,1,0.09003601547262433,0.0
73288,1,0.0814676985006062,0.0
29621,0,0.12077937472048474,0.0
109889,0,0.028416819875691494,0.0
42826,0,0.10514505234418678,0.0
24615,0,0.06461143466120536,0.0
62489,1,0.12584625129294055,0.0
31481,0,0.03565462469229992,0.0
69383,1,0.10514505633535655,0.0
44237,0,0.04269376097812691,0.0
98978,0,0.0758094428956769,0.0
44034,0,0.029740022737666044,0.0
72462,1,0.08146769656346747,0.0
93760,0,0.020009803773752707,0.0
43899,1,0.08626862736986056,0.0
22205,0,0.08146769415400534,0.0
92983,0,0.07915960764765088,0.0
104800,0,0.11272583383911504,0.0
22228,0,0.11272582188957474,0.0
91511,0,0.11749998649194404,0.0
108480,0,0.11429811366850785,0.0
88944,0,0.08030609556769958,0.0
38602,0,0.03207910742849857,0.0
59955,1,0.14406305987051307,0.0
71812,1,0.16017245751942094,0.0
12401,1,0.07915960554235102,0.0
9129,0,0.11749998652325462,0.0
10115,1,0.08750829952582373,0.0
14023,0,0.08383694142905138,0.0
94315,0,0.07691144079701305,0.0
95749,0,0.13469484908060356,0.0
104223,0,0.15396693206664222,0.0
68989,1,0.06949676832726369,0.0
7387,1,0.1402523746030262,0.0
26923,0,0.1539669575826252,0.0
93753,0,0.07051399006474979,0.0
94883,0,0.06093537051329208,0.0
59383,1,0.1275751614321076,0.0
39229,0,0.08750827994553345,0.0
48530,1,0.02841682099508693,0.0
112144,0,0.09664506596562576,0.0
111134,0,0.10081554127592214,0.0
118342,0,0.08504489956458065,0.0
53979,1,0.0850449128608196,0.0
101579,0,0.08626861318512188,0.0
80822,0,0.08030608438554904,0.0
51255,1,0.09395096078965329,0.0
39415,0,0.03619577851714724,0.0
35294,0,0.12077935729247961,0.0
19444,0,0.11588944734441015,0.0
100984,0,0.06652597519432095,0.0
294,0,0.08146769970727696,0.0
61190,1,0.13288405761072097,0.0
116707,0,0.1687593326834965,0.0
75270,1,0.1022408534338814,0.0
58288,1,0.10368397108177853,0.0
16523,0,0.06949675222491965,0.0
51449,1,0.12413733633354239,0.0
100472,0,0.07051398701606158,0.0
50560,1,0.12413738696384875,0.0
38877,0,0.12077936028764319,0.0
59750,1,0.13837881359024506,0.0
112134,0,0.09664503732789442,0.0
45669,0,0.09528947998377986,0.0
16180,0,0.17318856287102252,0.0
84631,0,0.1258462501868093,0.0
95929,0,0.0814676732555329,0.0
70784,1,0.06949677044728264,0.0
28041,0,0.09395095991279447,0.0
109545,0,0.1207793433375217,0.0
50363,1,0.09801782804876286,0.0
67598,1,0.09132434765026406,0.0
8835,1,0.08264461364120054,0.0
92104,0,0.1383788516152272,0.0
104596,0,0.08750828530777562,0.0
49347,1,0.07258987664756798,0.0
29668,0,0.11749997312592057,0.0
39184,0,0.017700202869326873,0.0
115211,0,0.04882546102997898,0.0
70221,1,0.1224484316150163,0.0
24880,0,0.06367351135976915,0.0
50136,1,0.05496914063671587,0.0
59163,1,0.05661526087948473,0.0
36732,0,0.10812185864075957,0.0
43307,1,0.028851406408102652,0.0
29410,0,0.06461144731256388,0.0
60491,1,0.06750289103350234,0.0
105637,0,0.16228544593539343,0.0
52606,1,0.057455598754607984,0.0
53342,1,0.08264457476144399,0.0
57773,1,0.07580943918441782,0.0
104345,0,0.10368394786071193,0.0
11745,1,0.05496914530840127,0.0
11401,1,0.11912989486829148,0.0
99321,0,0.03786708901586646,0.0
76042,1,0.10812186202648323,0.0
114529,0,0.08504490335388115,0.0
86934,0,0.12413735401345195,0.0
69772,1,0.11429807825425463,0.0
109972,0,0.060047378085595134,0.0
49534,1,0.09940791483154032,0.0
90103,0,0.0838369374704092,0.0
92438,0,0.09395094947766448,0.0
80524,1,0.15601326584027828,0.0
63455,1,0.1460004751864815,0.0
85920,0,0.09940793773871513,0.0
22881,0,0.043989396977241434,0.0
111571,0,0.08264457476144399,0.0
5113,0,0.03512127036301455,0.0
57546,1,0.10368395909951418,0.0
111369,0,0.09940790466615428,0.0
60121,1,0.09940791927725835,0.0
110520,0,0.08750827594280677,0.0
7109,1,0.11588942085983525,0.0
88401,0,0.05745560778685528,0.0
88379,0,0.0715449906194273,0.0
46275,1,0.04882545877685977,0.0
21550,0,0.08383694724811885,0.0
424,0,0.0966450547791376,0.0
101956,0,0.0994079279100942,0.0
14542,0,0.14025237316000982,0.0
34681,0,0.13652636143474103,0.0
37109,0,0.04333695682807224,0.0
26492,0,0.05336818085713588,0.0
18889,0,0.06183561669435331,0.0
32860,0,0.037867084125456765,0.0
45537,0,0.07364881166797006,0.0
114317,0,0.18702687333931953,0.0
88288,0,0.09664505207656889,0.0
110961,0,0.09801780914242061,0.0
58930,1,0.0636735269515845,0.0
39874,0,0.12413736369289537,0.0
18323,0,0.07691144735712299,0.0
71641,1,0.08750827540074362,0.0
79943,1,0.2198877259811444,0.0
30980,0,0.05029739129693232,0.0
111700,0,0.1328840486821981,0.0
56182,1,0.09664503950084322,0.0
6532,1,0.11429808827500568,0.0
2759,0,0.0646114283376432,0.0
12847,1,0.0814677156246475,0.0
107199,0,0.080306064752085,0.0
5761,1,0.050297386355616064,0.0
19650,0,0.1731885599772132,0.0
15300,1,0.0780280996108018,0.0
105868,0,0.06750288390745557,0.0
38474,0,0.12584623553491056,0.0
65888,1,0.08750828701748244,0.0
73269,1,0.08383692996695659,0.0
100166,0,0.08626863646721833,0.0
55529,1,0.07580942849822025,0.0
42883,0,0.10662432192449049,0.0
25482,0,0.0814676964604955,0.0
46809,0,0.08750827919315214,0.0
113695,0,0.08146767777255028,0.0
115412,0,0.08626861910316473,0.0
90874,0,0.12757519191571912,0.0
30922,0,0.09003598760592851,0.0
48096,1,0.12413734240910207,0.0
52491,1,0.06004738885606591,0.0
62572,1,0.14994012686583996,0.0
49294,1,0.07915959861831753,0.0
37843,0,0.16657884715909224,0.0
71525,1,0.08750827528541726,0.0
63263,1,0.2093545579335858,0.0
80732,0,0.11912988810423107,0.0
5285,1,0.0684930934271174,0.0
113353,0,0.07258986343377061,0.0
37032,0,0.09940791822233673,0.0
41427,0,0.0980177982103738,0.0
95586,0,0.07258986832194594,0.0
105874,0,0.07802809964168414,0.0
100205,0,0.11749999191734696,0.0
75100,1,0.13469480439976483,0.0
36834,0,0.1310939700564215,0.0
11288,1,0.1258462384428384,0.0
66299,1,0.09801780086096648,0.0
78799,0,0.07915959411528618,0.0
76238,1,0.19182495907876113,0.0
93070,0,0.09940792111319344,0.0
105590,0,0.09003597178651117,0.0
33102,0,0.050297383043093676,0.0
26475,0,0.08146768906829338,0.0
78137,0,0.10963786319612773,0.0
78264,1,0.1328840804894473,0.0
74039,1,0.1241373594207843,0.0
89844,0,0.06750289355075327,0.0
17560,0,0.06274828970615703,0.0
83448,0,0.10368398117952753,0.0
4884,1,0.03407752803250523,0.0
50138,0,0.10812185189492202,0.0
113045,0,0.13109398902913522,0.0
45855,0,0.11749999238398741,0.0
63819,1,0.1111724448371479,0.0
69140,1,0.13837885857593865,0.0
18770,0,0.10963785340235185,0.0
56364,1,0.1066243242183973,0.0
18302,0,0.1346948509825195,0.0
113887,0,0.09003598738894245,0.0
61915,1,0.11429811181811715,0.0
17851,0,0.06093537411188059,0.0
1630,0,0.06849311742855524,0.0
70725,1,0.0705140005045882,0.0
31094,0,0.12584620675259142,0.0
48341,1,0.08030607358923907,0.0
90268,0,0.12757519841750017,0.0
92857,0,0.08264458919279184,0.0
27310,0,0.1111724448371479,0.0
37585,0,0.12244845078684985,0.0
74696,1,0.2781170983372935,0.0
99851,0,0.09801779230322864,0.0
103061,0,0.14994015592435544,0.0
71083,1,0.12077937564722582,0.0
75474,1,0.12584625047388512,0.0
91967,0,0.151942595469714,0.0
22423,0,0.06849311905761672,0.0
104195,0,0.14406306617577025,0.0
9017,1,0.11588943820603285,0.0
59518,1,0.09003599761262408,0.0
83302,0,0.05917151719939147,0.0
21672,0,0.051049024348335435,0.0
65361,1,0.09003599663456589,0.0
89055,0,0.0952895053517366,0.0
61535,1,0.06949676491044908,0.0
26272,0,0.08876401773552593,0.0
73499,1,0.09262928642850067,0.0
24351,0,0.10812185864075957,0.0
28887,0,0.09664503732789442,0.0
90855,0,0.07802811257093747,0.0
16225,0,0.10662434800717809,0.0
26162,0,0.05336816669638158,0.0
102190,0,0.10224083746934286,0.0
2247,0,0.07258986261791145,0.0
56518,1,0.03459560045338631,0.0
103280,0,0.12757519199022183,0.0
86902,0,0.10081554127592214,0.0
108745,0,0.09664507319378329,0.0
112357,0,0.10081556173390302,0.0
34122,0,0.13109398223987548,0.0
63669,1,0.1383788086210478,0.0
87246,0,0.0803060682173826,0.0
41271,1,0.03407753005179633,0.0
22681,0,0.06750290294404455,0.0
115036,0,0.11749999596848057,0.0
79914,0,0.10963785694974564,0.0
32437,0,0.09664506477767373,0.0
10672,1,0.15396693939664036,0.0
43988,0,0.08030608675942755,0.0
89294,0,0.11912992999250757,0.0
59653,1,0.12584626365188561,0.0
85080,0,0.08030606502991067,0.0
50207,1,0.11429811131367858,0.0
22704,0,0.10514507321430965,0.0
59850,1,0.15808177073276203,0.0
36641,0,0.08626862042975611,0.0
114667,0,0.1644208872055889,0.0
28927,0,0.0646114306678568,0.0
55282,1,0.07364881102078884,0.0
64126,1,0.12244843081380469,0.0
77886,0,0.11912991487262628,0.0
21782,0,0.08876401170530109,0.0
39802,0,0.134694808743498,0.0
85429,0,0.05336818615254982,0.0
79614,0,0.06461143804568527,0.0
24630,0,0.10963785236821326,0.0
48259,1,0.11117244636781412,0.0
39434,0,0.08876403264946843,0.0
26504,0,0.07258985299267177,0.0
116249,0,0.10812184449060369,0.0
111466,0,0.09262929536520727,0.0
95898,0,0.08750827375015273,0.0
15297,0,0.13469485264741143,0.0
82800,1,0.3309657541883112,0.0
34139,0,0.06367350572580141,0.0
96673,0,0.08626863189763213,0.0
41825,1,0.08146768154514807,0.0
63239,1,0.12244843439173368,0.0
60983,1,0.14025233834749004,0.0
23108,0,0.09664506583651604,0.0
56903,1,0.0838369421128791,0.0
83689,0,0.12757516230898244,0.0
13854,0,0.08030608590029042,0.0
103631,0,0.046003377902482274,0.0
113034,0,0.0875082785500694,0.0
53416,1,0.10812188573593581,0.0
57910,1,0.12413736590141035,0.0
105414,0,0.20677993889624532,0.0
849,1,0.10662431369421886,0.0
36141,0,0.10081555827565034,0.0
95881,0,0.038440477259807634,0.0
72685,1,0.08750827006638948,0.0
70633,1,0.11272583317760669,0.0
99918,0,0.12932440890507738,0.0
95667,0,0.06274828941935308,0.0
52615,1,0.0994079478303345,0.0
40061,1,0.06274830019151102,0.0
71583,1,0.10368396215111861,0.0
50055,1,0.10368395760813383,0.0
104899,0,0.09801782674782998,0.0
118203,0,0.10812188024277267,0.0
91480,0,0.08750827006638948,0.0
110941,0,0.07915962110457268,0.0
50632,1,0.10224085111103952,0.0
575,0,0.09528947040965981,0.0
94066,0,0.038440472945004696,0.0
79317,0,0.1601724424972038,0.0
61940,1,0.09528947843414419,0.0
106046,0,0.04205969839259811,0.0
63705,1,0.0780281054802879,0.0
13014,1,0.11912991893381199,0.0
9087,1,0.10812187937274928,0.0
34673,0,0.11912991574724334,0.0
113514,0,0.10812186263041267,0.0
69213,1,0.1479594745303957,0.0
105022,0,0.1440630871926792,0.0
83417,0,0.13837883455514172,0.0
10086,1,0.10963783849754613,0.0
67689,1,0.10812184449060369,0.0
112805,0,0.08264459811280886,0.0
49680,0,0.10514505633535655,0.0
113466,0,0.0939509375489494,0.0
118285,0,0.10081554765239674,0.0
7407,1,0.08264460981997049,0.0
11570,1,0.12757521120079418,0.0
109892,0,0.05104903601095336,0.0
41149,0,0.034595597086877206,0.0
17988,0,0.29732462876906923,0.0
48639,1,0.13109395384635947,0.0
69054,1,0.11117246001475733,0.0
33881,0,0.10963783988610432,0.0
101169,0,0.07802812117881622,0.0
69597,1,0.11429811734751433,0.0
23149,0,0.10368398637572525,0.0
31561,0,0.04739445423637735,0.0
54630,1,0.09940791227973085,0.0
92358,0,0.09132437278534912,0.0
13544,1,0.035121269534614606,0.0
55901,1,0.09132435998334673,0.0
107525,0,0.10081555316977069,0.0
111474,0,0.0694967556343819,0.0
10485,1,0.17318858207851998,0.0
80607,0,0.08504489754820628,0.0
13130,1,0.046003365523587914,0.0
36292,0,0.09003598166116553,0.0
21593,0,0.06461143923912765,0.0
83936,0,0.12757517855988948,0.0
8136,0,0.09003598193627292,0.0
115402,0,0.10812186255586435,0.0
27061,0,0.09003599307901533,0.0
32333,0,0.1539669468547661,0.0
47761,1,0.12244845345428143,0.0
82991,0,0.04398939670529682,0.0
96953,0,0.15808174528645,0.0
53972,1,0.0850448920053002,0.0
2081,0,0.06274828105015567,0.0
20183,0,0.032567819760693596,0.0
47315,1,0.11117243943133148,0.0
12845,1,0.09664504072857594,0.0
3051,1,0.09940790160382035,0.0
46226,0,0.11588941513560726,0.0
116297,0,0.0373019077612469,0.0
33487,0,0.04739445479765474,0.0
16798,0,0.054163087937559216,0.0
37785,0,0.18466273984397027,0.0
117998,0,0.09528947998377986,0.0
19956,0,0.13652640963245605,0.0
107484,0,0.10224084278403787,0.0
42546,0,0.03844047977755506,0.0
111944,0,0.09395095945694554,0.0
114409,0,0.2093545356888573,0.0
50791,1,0.10662429972909512,0.0
2152,0,0.12932438532239332,0.0
11176,1,0.09528948484313146,0.0
44947,1,0.051049039757395345,0.0
90346,0,0.08264459545564158,0.0
100938,0,0.10081555643287038,0.0
116319,0,0.0838369421128791,0.0
76623,0,0.2566992392017991,0.0
89259,0,0.1622854678633029,0.0
84982,0,0.09132438045476228,0.0
103655,0,0.09664505751457934,0.0
56419,1,0.036744838105827,0.0
68741,1,0.12244847284574076,0.0
12747,1,0.06274830221967845,0.0
71753,1,0.06652596992332352,0.0
16508,0,0.1258462142871487,0.0
106179,0,0.0636735042523907,0.0
58295,1,0.06750289103350234,0.0
83888,0,0.09395096586337233,0.0
94271,0,0.12244844806175774,0.0
38480,0,0.11588943454559412,0.0
81257,0,0.10081555812023713,0.0
55952,1,0.08146769209905806,0.0
104752,0,0.1942588799102114,0.0
74069,1,0.14025234553564703,0.0
83840,0,0.06274827527283841,0.0
36999,0,0.031122856192346077,0.0
42938,1,0.040818475931695394,0.0
101003,0,0.10963784952007065,0.0
110106,0,0.09940793652501757,0.0
47965,1,0.16442089804121468,0.0
24143,0,0.037301909435924624,0.0
66284,1,0.09132437394643679,0.0
18884,1,0.25372932988245034,0.0
86919,0,0.09003600327199758,0.0
84542,0,0.07691144110546658,0.0
34450,0,0.12244844684561068,0.0
32911,0,0.11117247549154594,0.0
82752,1,0.3309657541883112,0.0
43413,0,0.039612368894522736,0.0
98278,0,0.08876402844606884,0.0
99226,0,0.08383693296150559,0.0
109876,0,0.11429808614437172,0.0
77237,1,0.2420780075061889,0.0
49039,1,0.1293244088453859,0.0
48153,1,0.16657880560942853,0.0
101573,0,0.15601331912404626,0.0
9056,1,0.129324381972399,0.0
93758,0,0.0913243838578726,0.0
25528,0,0.0705139843367164,0.0
84645,0,0.1328840762918944,0.0
41045,0,0.10514508795768053,0.0
79975,0,0.25078206349181914,0.0
28281,0,0.017430567970058562,0.0
94691,0,0.11272582051325178,0.0
14737,1,0.33443456609548083,0.0
20803,0,0.07154497523841288,0.0
34687,0,0.08264458690824603,0.0
96308,0,0.09003601507151289,0.0
65044,1,0.060047369818091986,0.0
112206,0,0.09528950993415577,0.0
45864,0,0.09940792111319344,0.0
107416,0,0.09940794464325871,0.0
37903,0,0.05258430317882124,0.0
32185,0,0.07154499148347365,0.0
3379,0,0.06274830567229156,0.0
4969,0,0.10662433267184,0.0
117056,0,0.10514508135752992,0.0
42972,1,0.06461142875947325,0.0
92436,0,0.0814676732555329,0.0
73605,1,0.11912989255901266,0.0
69664,1,0.050297392997278874,0.0
8337,1,0.10224082511558294,0.0
80104,1,0.18941429732895051,0.0
5532,1,0.030655125448989826,0.0
58377,1,0.12932437235158584,0.0
59443,1,0.12584621464513673,0.0
59336,1,0.11912990757638843,0.0
37974,0,0.0769114409960841,0.0
89264,0,0.09395094844395291,0.0
16009,0,0.043989381893133006,0.0
383,0,0.11912991412838096,0.0
7214,0,0.0980177910893788,0.0
25771,0,0.12077934463460159,0.0
15085,1,0.03407751919977327,0.0
55621,1,0.09664503029586526,0.0
26525,0,0.04205969994008102,0.0
110914,0,0.1519425740541728,0.0
20586,0,0.09132436383326072,0.0
108629,0,0.13652635148967268,0.0
75164,1,0.1224484604370125,0.0
53530,1,0.08030610390737664,0.0
21597,0,0.07915959582837791,0.0
77075,0,0.14600047084372494,0.0
24655,0,0.09801779866243157,0.0
73767,1,0.2688046869109695,0.0
29658,0,0.07051398778359853,0.0
71075,1,0.08626863286698173,0.0
26061,0,0.14795946745578675,0.0
49382,1,0.060935371443826936,0.0
113669,0,0.09003598953175457,0.0
89571,0,0.1754374035681091,0.0
2725,0,0.050297401309638605,0.0
51647,1,0.09132437389477503,0.0
40265,1,0.09940793815511446,0.0
26416,0,0.14994016566114782,0.0
104449,0,0.08264459545564158,0.0
108111,0,0.11272579534992273,0.0
53942,1,0.12757519738458445,0.0
22060,0,0.06652598353571994,0.0
19051,0,0.1207793433375217,0.0
61101,1,0.07691142800410286,0.0
44883,1,0.16657881388625384,0.0
55147,1,0.11429811734751433,0.0
18222,0,0.04882547573643848,0.0
108209,0,0.07915960554235102,0.0
87410,0,0.10963786004932052,0.0
97753,0,0.0758094331241351,0.0
86463,0,0.11117245682149539,0.0
62826,1,0.12584622342567398,0.0
29350,0,0.12244844210875513,0.0
85958,0,0.11429808963573508,0.0
109650,0,0.09664505257061581,0.0
65537,1,0.14406303414638708,0.0
32034,0,0.08504490152915149,0.0
38312,0,0.09664506477767373,0.0
11510,1,0.03459560045338631,0.0
86547,0,0.1460005182479981,0.0
112572,0,0.09664503769251401,0.0
44854,0,0.03565462469229992,0.0
105626,0,0.09132438749291374,0.0
38723,0,0.09132438957606423,0.0
1946,1,0.08264459811280886,0.0
89432,0,0.09262928378084823,0.0
78927,0,0.09262929648325112,0.0
22302,0,0.1479594848511937,0.0
1804,0,0.036195784332978376,0.0
75724,1,0.18000396604330257,0.0
95622,0,0.10224085609465196,0.0
46538,0,0.10081554653787407,0.0
94646,0,0.08504490766801102,0.0
45599,0,0.16875940084630628,0.0
28567,0,0.06367350530345584,0.0
74338,1,0.1421470555417245,0.0
114687,0,0.07364878542083679,0.0
5002,1,0.07915961680507755,0.0
17293,0,0.06556223024493422,0.0
1410,1,0.03407751493838522,0.0
70044,1,0.07472195292863629,0.0
112673,0,0.1174999944365266,0.0
109872,0,0.1036839447208662,0.0
19273,0,0.1224484454773964,0.0
12891,1,0.033566931392225594,0.0
9089,1,0.06750290294404455,0.0
10376,1,0.05029740143089178,0.0
101405,0,0.07915960036356295,0.0
79556,1,0.1823218053477803,0.0
8625,1,0.08146768796547948,0.0
69784,1,0.11117244532103054,0.0
116011,0,0.093950970390971,0.0
20592,0,0.07051399297252027,0.0
65260,1,0.14795949519466586,0.0
72606,1,0.07364881807220983,0.0
36417,0,0.014718523105953615,0.0
29289,0,0.08504491222332475,0.0
38328,0,0.08626864179487768,0.0
42770,1,0.08264459669553459,0.0
89361,0,0.14795950665931915,0.0
55537,1,0.09003600249585483,0.0
24764,0,0.0826445844670394,0.0
77400,0,0.14406304353450108,0.0
102735,0,0.10812188657429812,0.0
79735,0,0.18466274630459747,0.0
106597,0,0.06367351655002762,0.0
117539,0,0.07691143667967201,0.0
18781,0,0.03207909887683205,0.0
58492,1,0.07802810308330402,0.0
50914,1,0.1096378668856404,0.0
19608,0,0.12584621617674124,0.0
55787,1,0.08383693656338921,0.0
71339,1,0.10224083797924102,0.0
93408,0,0.07154497801421117,0.0
27208,0,0.10224085947510703,0.0
21682,0,0.0420597055972803,0.0
6992,1,0.12757519966400388,0.0
70207,1,0.07258988447106232,0.0
117207,0,0.06849308671215915,0.0
75807,1,0.18466276872809656,0.0
32742,0,0.0791596121162752,0.0
96255,0,0.10368398543862282,0.0
48794,1,0.11749998143059733,0.0
24275,0,0.12077936504134998,0.0
18083,0,0.07915959038095852,0.0
59084,1,0.15808175926343437,0.0
29491,0,0.09132436843262885,0.0
39310,0,0.0574556061568208,0.0
65921,1,0.08750827528541726,0.0
53042,1,0.13652638462712613,0.0
92459,0,0.1499401546526859,0.0
79125,0,0.0952894788879638,0.0
44439,1,0.09132437482151688,0.0
28508,0,0.07258986515126901,0.0
73479,1,0.05578649024748192,0.0
116553,0,0.03565462469229992,0.0
26607,0,0.10812186569987595,0.0
23064,0,0.1644208605749771,0.0
114826,0,0.11117244999209233,0.0
45936,1,0.15396692241332366,0.0
75645,1,0.1846627815299447,0.0
64910,1,0.12077936654927807,0.0
109441,0,0.05336818317317512,0.0
31281,0,0.05578650275328312,0.0
21107,0,0.16017241116915346,0.0
107817,0,0.07915960047255376,0.0
25815,0,0.06367351655002762,0.0
11344,1,0.11272583074034134,0.0
41311,0,0.07580942941657227,0.0
30697,0,0.09262930496589179,0.0
73086,1,0.11117246458339028,0.0
53515,1,0.0769114268500982,0.0
5909,0,0.03207910550268239,0.0
42898,0,0.10812187608788472,0.0
59743,1,0.13837881359024506,0.0
88803,0,0.07472193577723181,0.0
74200,1,0.15396694473518713,0.0
46730,1,0.051811286262175724,0.0
45310,1,0.09664505802498338,0.0
99592,0,0.036195784332978376,0.0
50993,1,0.1687593374494765,0.0
38905,0,0.05661525237558541,0.0
15403,0,0.06367352039603548,0.0
106857,0,0.19425893824639145,0.0
96283,0,0.12413737436140611,0.0
107837,0,0.09132437164071466,0.0
16301,0,0.08626863431251064,0.0
27555,0,0.10224085947510703,0.0
19811,0,0.09801779866243157,0.0
34564,0,0.06556221769704447,0.0
63745,1,0.08504491306357521,0.0
20341,0,0.11429808605193166,0.0
4881,0,0.06004738152924628,0.0
112890,0,0.0574556061568208,0.0
118266,0,0.04739445880362914,0.0
4918,1,0.0814677009909215,0.0
16688,1,0.06949675478810366,0.0
57217,1,0.1479595118471221,0.0
52824,1,0.08626863689113401,0.0
113838,0,0.18000394822325397,0.0
106704,0,0.11272582754441554,0.0
80120,0,0.19425888034041205,0.0
44676,1,0.07802809569475792,0.0
63087,1,0.1191299292468783,0.0
46466,1,0.08504489968488937,0.0
2929,0,0.0814676867684731,0.0
81547,0,0.07802810924977167,0.0
71232,1,0.06750290263507017,0.0
70462,1,0.10368396505195591,0.0
44834,0,0.03565462469229992,0.0
80717,1,0.06949673540329937,0.0
22846,0,0.1036839447208662,0.0
14167,0,0.06652598715020598,0.0
11408,1,0.11588946084342708,0.0
5922,1,0.08504488932078805,0.0
44427,1,0.09132437482151688,0.0
89971,0,0.10812184815978614,0.0
88193,0,0.03112285506115641,0.0
55076,1,0.08876399629502253,0.0
115871,0,0.06274830477716566,0.0
73755,1,0.2688046869109695,0.0
44371,0,0.03256783058053114,0.0
79652,0,0.11272580585327555,0.0
60245,1,0.0791595986109421,0.0
31537,0,0.08146768969388371,0.0
37447,0,0.09395097133781752,0.0
70705,1,0.07915961897736161,0.0
2300,1,0.0747219430489511,0.0
93348,0,0.09940794244596611,0.0
53741,1,0.10662430245288156,0.0
9460,1,0.09528951014671719,0.0
9282,1,0.0541630922939733,0.0
69131,1,0.0747219252774776,0.0
30870,0,0.047394457300100376,0.0
17858,0,0.09940791569935102,0.0
58939,1,0.10963786319612773,0.0
30941,0,0.15194262147761795,0.0
51036,1,0.1687593374494765,0.0
97434,0,0.08876399629502253,0.0
57036,1,0.15194256739975817,0.0
45748,0,0.09801782490542484,0.0
38843,0,0.09395095083065598,0.0
86622,0,0.07472192536819944,0.0
112019,0,0.06849309483019064,0.0
6473,1,0.06183560987379797,0.0
40916,1,0.12077934340377607,0.0
100361,0,0.06367350852242437,0.0
56030,1,0.06367353262340186,0.0
93505,0,0.06556220373729058,0.0
69303,1,0.07580944221306186,0.0
62355,1,0.112725808777302,0.0
70274,1,0.05416307379627455,0.0
90435,0,0.02885140491726924,0.0
90793,0,0.0627482963614851,0.0
79666,0,0.1846627473672187,0.0
17920,0,0.06274828796618459,0.0
118837,0,0.027150847017068595,0.0
52674,1,0.10081554315093874,0.0
110383,0,0.07051401042409318,0.0
96448,0,0.1127258117233424,0.0
20827,0,0.15601327390464825,0.0
45536,1,0.07364881166797006,0.0
920,1,0.03619577851714724,0.0
26839,0,0.05745560658842654,0.0
12456,1,0.10963788323940246,0.0
46707,0,0.12932437935606086,0.0
4120,1,0.10812184440219812,0.0
79329,0,0.07364880347762252,0.0
112567,0,0.06750289576429684,0.0
63742,1,0.08264460981997049,0.0
114777,0,0.06093536600888964,0.0
75405,1,0.13469484391115458,0.0
75483,1,0.12584625047388512,0.0
109260,0,0.08750828552448474,0.0
69168,1,0.09664503212348927,0.0
33307,0,0.08383696699480911,0.0
51815,0,0.07154498688720867,0.0
112209,0,0.07915962290815916,0.0
39328,0,0.05104902723909103,0.0
5561,0,0.030655125448989826,0.0
86583,0,0.02554789843604249,0.0
80316,1,0.24495631086554884,0.0
25748,0,0.0758094216112176,0.0
95906,0,0.10368397691705139,0.0
92386,0,0.07472194410647087,0.0
48916,0,0.11429811366850785,0.0
43754,1,0.039612365484370096,0.0
77039,0,0.07154498662803102,0.0
102216,0,0.09664505738189652,0.0
46400,1,0.06949676832726369,0.0
68135,1,0.13288405947852377,0.0
106644,0,0.10081554132506074,0.0
12191,1,0.11429808710376012,0.0
73793,1,0.23079628362720536,0.0
38048,0,0.07915961294683317,0.0
14826,1,0.22529522338967511,0.0
8629,1,0.08146768796547948,0.0
118014,0,0.09395093820500627,0.0
12950,1,0.064611438560011,0.0
5930,0,0.07472194410647087,0.0
115253,0,0.09395094655769255,0.0
45079,1,0.02974001166251777,0.0
103407,0,0.13109398508698433,0.0
95402,0,0.028416826047291954,0.0
17888,0,0.1258462160194586,0.0
51406,1,0.07802812728181922,0.0
55522,1,0.1096378816442469,0.0
113983,0,0.12413736778206587,0.0
35135,0,0.0826445844670394,0.0
105530,0,0.12413736389343799,0.0
94400,0,0.06849310013604139,0.0
28408,0,0.0361957736882259,0.0
46755,0,0.051049038052698795,0.0
77848,0,0.06652598994290997,0.0
45529,0,0.10662433267184,0.0
31836,0,0.10368397685873078,0.0
69481,1,0.07580941976678757,0.0
76824,1,0.3275150918655456,0.0
34692,0,0.11117245202423333,0.0
115413,0,0.1421470427993574,0.0
26039,0,0.030194217127397335,0.0
52721,1,0.08146769209905806,0.0
69256,1,0.05496914456191433,0.0
99491,0,0.10812186564514872,0.0
63418,1,0.1460004751864815,0.0
9073,1,0.11272583082921565,0.0
53883,1,0.15194257988002693,0.0
108178,0,0.04398938592060893,0.0
60940,1,0.08264459048496825,0.0
7184,1,0.09940791472536424,0.0
41181,1,0.03407753005179633,0.0
69223,1,0.06750290968011095,0.0
103951,0,0.15194258747615338,0.0
32081,0,0.13837881136390784,0.0
58157,1,0.0826445844670394,0.0
54007,1,0.07051401042409318,0.0
64032,1,0.13109398508698433,0.0
59517,1,0.11749998499507305,0.0
36254,0,0.031122857982136033,0.0
86992,0,0.05029739230540592,0.0
68414,1,0.09395093929446009,0.0
13900,0,0.06367351481672419,0.0
12612,1,0.07580944365956853,0.0
57280,0,0.06949674528230922,0.0
23588,0,0.09395094509360334,0.0
55177,1,0.09395094611577931,0.0
110946,0,0.12584623958864039,0.0
8286,1,0.11912991604349076,0.0
118817,0,0.11912992724840103,0.0
111947,0,0.05258428412256122,0.0
64926,1,0.11912992103803727,0.0
100874,0,0.09395095083065598,0.0
91015,0,0.07051400786307281,0.0
60779,1,0.12244842664920523,0.0
75987,1,0.10368398651653996,0.0
107323,0,0.06849312285475641,0.0
83266,0,0.06274827527283841,0.0
67503,1,0.07364881718886643,0.0
9174,1,0.1310939636061646,0.0
21702,0,0.15808174971239006,0.0
98801,0,0.1539669468547661,0.0
1029,0,0.10812186659989406,0.0
44127,0,0.14994014162578284,0.0
12801,1,0.1022408331273614,0.0
21961,0,0.11749998335636157,0.0
102892,0,0.10963784532625177,0.0
887,1,0.0684930942203228,0.0
45950,0,0.09395094433295204,0.0
15150,1,0.20677994547436038,0.0
31299,0,0.09801781905520761,0.0
31419,0,0.112725808777302,0.0
35518,0,0.10224085111103952,0.0
3192,0,0.08264458986770232,0.0
16128,0,0.22803399487585754,0.0
80686,1,0.09664504047695707,0.0
60596,1,0.09940792351532661,0.0
53033,1,0.13652638462712613,0.0
99848,0,0.10662434012378905,0.0
25683,0,0.11117246360560429,0.0
54784,1,0.11749999089459036,0.0
44805,0,0.04532247525563589,0.0
41254,1,0.03730189984422291,0.0
112808,0,0.12413736369289537,0.0
118096,0,0.09132435564677838,0.0
101149,0,0.090036011470452,0.0
94317,0,0.09528947688733118,0.0
21534,0,0.09528947574650955,0.0
111300,0,0.10662432813080878,0.0
80197,0,0.11912988140316166,0.0
92095,0,0.09003600700740777,0.0
116743,0,0.09664503769251401,0.0
98948,0,0.09395094589188074,0.0
55934,1,0.1560132776285813,0.0
71593,1,0.0791595986109421,0.0
58840,1,0.11117244936980984,0.0
100570,0,0.10963786319612773,0.0
110370,0,0.07691144323719877,0.0
19911,0,0.07915961795192611,0.0
96755,0,0.06949674291580049,0.0
96814,0,0.11749998322734694,0.0
32849,0,0.07802810924977167,0.0
72186,1,0.09940791822233673,0.0
67633,1,0.13288407676809355,0.0
37037,0,0.13288407028071886,0.0
107924,0,0.17543741330483484,0.0
113472,0,0.061835609828858294,0.0
50228,1,0.08626863963550983,0.0
5768,1,0.11272580585327555,0.0
35161,0,0.0814676985006062,0.0
81274,0,0.12244844684561068,0.0
76533,1,0.14795948624474342,0.0
46978,1,0.0591715190282626,0.0
82237,0,0.09132436808303455,0.0
100447,0,0.06750288025174592,0.0
27873,0,0.10812186438835093,0.0
119087,0,0.033063728036493774,0.0
87530,0,0.08876401046949202,0.0
100490,0,0.06652597897756841,0.0
108770,0,0.08146770144765968,0.0
4829,1,0.10514506316279025,0.0
46528,0,0.07051398904899722,0.0
69663,1,0.06849308992123317,0.0
86248,0,0.14795948071663703,0.0
45321,1,0.11912992480760459,0.0
111344,0,0.12077935885167995,0.0
118847,0,0.12244844806175774,0.0
80035,1,0.3139006824136204,0.0
89727,0,0.08626862658667764,0.0
61303,1,0.056615254622884935,0.0
14892,1,0.12932440759014907,0.0
70148,1,0.0646114485720355,0.0
43574,0,0.07154498439584098,0.0
69276,1,0.13469482480634673,0.0
68890,1,0.09003600112501225,0.0
32063,0,0.10514508234967472,0.0
77426,0,0.18941430196362388,0.0
36977,0,0.07051399006474979,0.0
84031,0,0.10514508101335135,0.0
98517,0,0.18232180670040601,0.0
48987,0,0.0875082785500694,0.0
116052,0,0.08264461359900138,0.0
99225,0,0.0803060808472342,0.0
118811,0,0.06556220106366517,0.0
40353,0,0.060935367259959274,0.0
117701,0,0.037301906896710146,0.0
118205,0,0.09801782490542484,0.0
105433,0,0.12077934463460159,0.0
44125,0,0.09395094433295204,0.0
66909,1,0.09801782399174051,0.0
80508,1,0.18232179414116254,0.0
80469,0,0.17770923055879853,0.0
102841,0,0.10224083773481045,0.0
112983,0,0.08383696383344107,0.0
33313,0,0.08504490712294162,0.0
40944,1,0.18000400157708274,0.0
105407,0,0.06750289340121812,0.0
103731,0,0.04600336605014716,0.0
15756,1,0.17318861746582884,0.0
94893,0,0.08876399629502253,0.0
25065,0,0.11429810209747238,0.0
59498,1,0.0980178136461129,0.0
38339,0,0.045322466947630945,0.0
117066,0,0.09132437278534912,0.0
6003,1,0.11749996471026643,0.0
17450,0,0.02403722379393377,0.0
115924,0,0.020631870971051142,0.0
108705,0,0.0994079107825987,0.0
56157,0,0.12244844880841191,0.0
104262,0,0.09664507160452714,0.0
29722,0,0.12757516243612288,0.0
44345,0,0.16017243633700382,0.0
31572,0,0.0502973880391278,0.0
12375,1,0.031597482805138404,0.0
14049,0,0.09664505879868857,0.0
30684,0,0.06750290475071773,0.0
114621,0,0.03407751919977327,0.0
27831,0,0.13469480656205138,0.0
22221,0,0.04205969685116154,0.0
7689,1,0.03407752808974509,0.0
63670,1,0.08383692996695659,0.0
46185,0,0.19671624884970798,0.0
48976,1,0.12584622014740188,0.0
3129,0,0.03902220407041449,0.0
56311,1,0.08626863617955356,0.0
10403,1,0.10514507566292355,0.0
41861,0,0.16657880367605227,0.0
53894,1,0.06750290832905621,0.0
55345,1,0.14214706530008395,0.0
115229,0,0.035654626073514994,0.0
22061,0,0.07051398584460809,0.0
40026,0,0.06849311065304324,0.0
6462,1,0.06183560987379797,0.0
38777,0,0.0705139913733061,0.0
29852,0,0.12413735869119684,0.0
91741,0,0.06183562270263152,0.0
51937,0,0.0655622065691583,0.0
101151,0,0.09395094611577931,0.0
109939,0,0.08750829648100275,0.0
7320,1,0.14214706530008395,0.0
39985,0,0.04398939888154238,0.0
96992,0,0.10224085254256127,0.0
44435,1,0.09132437482151688,0.0
26709,0,0.051049043893933145,0.0
1015,1,0.032567815145123344,0.0
61670,1,0.086268625662996,0.0
65678,1,0.15396691232924226,0.0
81459,0,0.06949675665927911,0.0
112762,0,0.12244845345428143,0.0
71243,1,0.08383695081682106,0.0
73238,1,0.16228545976036476,0.0
29464,0,0.06652599675540022,0.0
53917,1,0.10662431097164507,0.0
27209,0,0.12757520477877907,0.0
45018,1,0.051049039757395345,0.0
96406,0,0.03674484439306858,0.0
113428,0,0.09003598598121539,0.0
36858,0,0.060047373819172196,0.0
106612,0,0.06849310162032413,0.0
46144,0,0.1346948175095664,0.0
46850,1,0.0725898653087467,0.0
102444,0,0.17543746904492039,0.0
70687,1,0.07915961897736161,0.0
1222,1,0.0627482836150235,0.0
36210,0,0.11749998474119348,0.0
62612,1,0.11117247845079795,0.0
54045,1,0.1174999980417206,0.0
112424,0,0.029740021417869786,0.0
30319,0,0.07691144079701305,0.0
64023,1,0.09003600284100588,0.0
18455,0,0.06750290294404455,0.0
59139,1,0.0591715065622216,0.0
66101,1,0.08030607763927418,0.0
19100,0,0.09003599685734547,0.0
17306,0,0.051049043893933145,0.0
117700,0,0.12584621626438725,0.0
11964,1,0.07051401042409318,0.0
45425,0,0.06461143863504087,0.0
45506,1,0.12077933406248306,0.0
100993,0,0.10224086043638383,0.0
71514,1,0.04739446888194583,0.0
69169,1,0.0725898552912208,0.0
32496,0,0.027566623891055707,0.0
69721,1,0.12757519916338794,0.0
12158,1,0.050297397335479534,0.0
7938,1,0.1066243242183973,0.0
28719,0,0.13288408939638366,0.0
93274,0,0.10224083785652485,0.0
12126,1,0.08750829207601277,0.0
73108,1,0.12757516373911074,0.0
55626,1,0.09262930464540778,0.0
73507,1,0.10963785185362988,0.0
34500,0,0.09003599761262408,0.0
17688,0,0.09003600946891877,0.0
69365,1,0.07580944221306186,0.0
30310,0,0.0887640004049203,0.0
80348,1,0.24495631086554884,0.0
29736,0,0.13469483171997748,0.0
38234,0,0.08146768105717135,0.0
76243,1,0.26270709812267484,0.0
53080,1,0.02885140814043662,0.0
30311,0,0.031122846507164157,0.0
31679,0,0.12077934508659964,0.0
100619,0,0.13837885847313827,0.0
42407,0,0.15396695865692758,0.0
94200,0,0.09528948512210354,0.0
116737,0,0.14600049302017962,0.0
70994,1,0.05181128585165006,0.0
88924,0,0.12757521120079418,0.0
72684,1,0.08750829207601277,0.0
52989,1,0.13652638462712613,0.0
108407,0,0.11429808242816913,0.0
43054,0,0.06274829826390155,0.0
64715,1,0.16442085590144417,0.0
79733,0,0.12757517565893947,0.0
16343,0,0.11749999121531142,0.0
88677,0,0.10224084235227732,0.0
41377,0,0.09940793872328715,0.0
84336,0,0.051811286262175724,0.0
64246,1,0.1687593305191688,0.0
22635,0,0.10963787596314215,0.0
28441,0,0.11588941513560726,0.0
88294,0,0.08383692827558518,0.0
99636,0,0.043336947581203836,0.0
83452,0,0.05830764172891283,0.0
50192,0,0.08626864229772643,0.0
3066,0,0.07691143592393836,0.0
3585,1,0.06367350806224444,0.0
14161,0,0.05578648230152348,0.0
68383,1,0.0591715190282626,0.0
42837,0,0.07580944365956853,0.0
10698,1,0.15396693939664036,0.0
64279,1,0.07915960804164877,0.0
39870,0,0.10224082511558294,0.0
7852,1,0.11117245096808083,0.0
91814,0,0.0646114333592033,0.0
64197,1,0.07154498439584098,0.0
43880,1,0.08626862736986056,0.0
13491,1,0.08146768906829338,0.0
82003,0,0.06093537376514186,0.0
105260,0,0.1665788233775004,0.0
116986,0,0.09664504736700395,0.0
113903,0,0.06949675656976384,0.0
68942,1,0.08264459051365267,0.0
73652,1,0.10514506687670079,0.0
90071,0,0.048825463643602456,0.0
8262,0,0.04810491708856515,0.0
69699,1,0.08146768876046646,0.0
88499,0,0.08750830361519146,0.0
70887,1,0.07915959582837791,0.0
79599,0,0.10662430245288156,0.0
92385,0,0.12244845345428143,0.0
508,0,0.11749999366583418,0.0
58323,1,0.07472194176603385,0.0
88293,0,0.09132438045476228,0.0
72644,1,0.08030609226831716,0.0
37412,0,0.061835621403113654,0.0
20416,0,0.09132436383326072,0.0
39463,0,0.09664505180628026,0.0
80140,0,0.18466276139847465,0.0
83997,0,0.06093536600888964,0.0
97635,0,0.09664505245341666,0.0
78877,0,0.1293244079364954,0.0
75480,1,0.12584625047388512,0.0
50193,1,0.07472195283311978,0.0
37792,0,0.0725898721598826,0.0
70234,1,0.07915960047255376,0.0
43761,1,0.039612365484370096,0.0
103423,0,0.13109395674228883,0.0
74028,1,0.1241373594207843,0.0
9392,1,0.09940794351790551,0.0
49222,0,0.06750288025174592,0.0
69698,1,0.08626863431251064,0.0
60851,1,0.1665788356084867,0.0
50633,1,0.08383695317092395,0.0
111156,0,0.051811289121915086,0.0
71411,1,0.055786483885426126,0.0
58691,1,0.0758094335584598,0.0
58474,1,0.11429810276688057,0.0
57004,1,0.189414236323029,0.0
101412,0,0.10662431581806207,0.0
82676,1,0.268804698976467,0.0
77730,0,0.11429811366850785,0.0
84328,0,0.11749999366583418,0.0
31795,0,0.10963786319612773,0.0
57203,1,0.09395096281937312,0.0
19001,0,0.06461144276173975,0.0
2958,1,0.12077938403889071,0.0
84048,0,0.19182496804167606,0.0
41368,0,0.12077933361087138,0.0
51601,1,0.10963786004932052,0.0
4946,0,0.054969145235075456,0.0
107420,0,0.13288407906944327,0.0
76017,1,0.10812186202648323,0.0
94432,0,0.05830762113067118,0.0
81399,0,0.0301942103023046,0.0
101922,0,0.13652640231700244,0.0
9422,1,0.08146767792981556,0.0
82586,0,0.023673385103618126,0.0
96383,0,0.07154497919760769,0.0
70409,1,0.10224085485246366,0.0
44950,0,0.04021109583556346,0.0
38066,0,0.06183561661816558,0.0
17573,0,0.0900359965811949,0.0
95678,0,0.09262928732807263,0.0
62595,1,0.11429806740002424,0.0
24507,0,0.04882546635171324,0.0
104831,0,0.03619577458129836,0.0
101066,0,0.0900359830930352,0.0
29637,0,0.07258985593772409,0.0
66941,1,0.10812185189492202,0.0
93282,0,0.11117246433175418,0.0
5800,0,0.030194210630094913,0.0
15753,1,0.17318861746582884,0.0
16760,0,0.06750290638684527,0.0
96984,0,0.060047379001588644,0.0
38573,0,0.042693757248385394,0.0
114678,0,0.07580942941657227,0.0
4474,1,0.048104917763821864,0.0
25071,0,0.07691145233460894,0.0
4504,1,0.11429811307556524,0.0
105273,0,0.12413735421537894,0.0
87828,0,0.1275751699094749,0.0
92966,0,0.0900359830930352,0.0
79784,1,0.24495631086554884,0.0
70570,1,0.09664506942262498,0.0
4597,0,0.03512126987250243,0.0
106726,0,0.06274830567229156,0.0
68615,1,0.07258986419181557,0.0
42564,0,0.11912991132262014,0.0
74982,1,0.14406309779074153,0.0
44986,0,0.04021109583556346,0.0
118726,0,0.06461143526853515,0.0
85298,0,0.08504491607157706,0.0
70959,1,0.08876402816652394,0.0
16045,0,0.02440652696584775,0.0
52425,1,0.11588943852598696,0.0
109828,0,0.12413736130181056,0.0
73116,1,0.054163092783641544,0.0
51135,1,0.14406304353450108,0.0
83648,0,0.0694967545651388,0.0
1160,1,0.06750291165503995,0.0
10363,1,0.08750827994553345,0.0
31046,0,0.06093535078101286,0.0
102621,0,0.06949673766992294,0.0
46768,1,0.053368189021351556,0.0
37557,0,0.12932440890507738,0.0
55233,1,0.06750288426222935,0.0
88681,0,0.10662431478130777,0.0
38327,0,0.044651188863798916,0.0
80931,0,0.08626862658667764,0.0
102140,0,0.11117244006109563,0.0
16586,0,0.018533905510570065,0.0
53808,1,0.1460004784381341,0.0
62231,1,0.05496914456191433,0.0
80053,1,0.1991970272200605,0.0
77108,0,0.25078206341526255,0.0
65970,1,0.0684931053214276,0.0
23837,0,0.13652635021292656,0.0
60196,1,0.0791595986109421,0.0
59245,1,0.112725808777302,0.0
8077,1,0.06183561775681328,0.0
74183,1,0.18941427473313902,0.0
112595,0,0.09664505638625924,0.0
41021,0,0.13837885857593865,0.0
60834,1,0.11749998563939154,0.0
35935,0,0.08383693688668623,0.0
59067,1,0.13109396063577328,0.0
84536,0,0.18000394737107495,0.0
100811,0,0.06652597519432095,0.0
5284,1,0.0684930934271174,0.0
20567,0,0.15194258807337344,0.0
111499,0,0.09664505638625924,0.0
13772,1,0.07154497466683266,0.0
100983,0,0.10081554132506074,0.0
23719,0,0.056615257696050914,0.0
80143,1,0.17318858910232468,0.0
21581,0,0.10812185760059062,0.0
106832,0,0.08504491239628627,0.0
54813,1,0.11272582898116308,0.0
3961,0,0.13288406559082835,0.0
89299,0,0.06183562834010181,0.0
80701,1,0.09664504047695707,0.0
83205,0,0.11588942843874403,0.0
86337,0,0.09664504073889842,0.0
59764,1,0.08504492165691112,0.0
101808,0,0.11272582468488396,0.0
79374,1,0.3414260381683093,0.0
31696,0,0.06183561775681328,0.0
84856,0,0.12932437320088697,0.0
28379,0,0.06750290432501198,0.0
108194,0,0.14025238077954882,0.0
61821,1,0.09940792111319344,0.0
54820,1,0.11272582898116308,0.0
85627,0,0.041434633886254534,0.0
52301,1,0.039612368220477895,0.0
93939,0,0.09940793418148867,0.0
13840,0,0.05745559480745762,0.0
79565,0,0.1440630642728296,0.0
65991,1,0.09262930639291525,0.0
108746,0,0.08750830752713966,0.0
79131,0,0.026741176010006838,0.0
117116,0,0.10812187718716629,0.0
117791,0,0.0373019077612469,0.0
104705,0,0.10224085830220747,0.0
59277,1,0.12413734505430114,0.0
116179,0,0.15601330380509318,0.0
9581,1,0.11588943115054924,0.0
85895,0,0.21721925345996843,0.0
61620,1,0.1096378668856404,0.0
95346,0,0.1644208638732213,0.0
65447,1,0.1479594726518727,0.0
30291,0,0.05661526664838116,0.0
41663,1,0.17770920560595035,0.0
18949,0,0.08876400293200588,0.0
41410,0,0.15601328685027402,0.0
66428,1,0.08504489968488937,0.0
22080,0,0.1066243438507167,0.0
5370,1,0.09664504072857594,0.0
89007,0,0.08146769363798857,0.0
89503,0,0.09801783564730769,0.0
100098,0,0.06849310848635806,0.0
34694,0,0.05181128388780219,0.0
115349,0,0.09003600700740777,0.0
48641,1,0.13109395384635947,0.0
118699,0,0.023673394425967612,0.0
71102,1,0.09262931878588283,0.0
113299,0,0.07364881803907511,0.0
118382,0,0.12932440136267345,0.0
71677,1,0.07364881016437515,0.0
51259,0,0.11588943454559412,0.0
13686,1,0.12757519738458445,0.0
20078,0,0.0862686425942452,0.0
21943,0,0.07364879414059265,0.0
71483,1,0.09801779008684315,0.0
